Driver,Team,Year,GrandPrix,LapNumber,LapTimeSeconds,Compound,TyreLife,Stint,TrackStatus,IsPersonalBest,AirTemp,TrackTemp,Humidity,WindSpeed,Rainfall
ALB,Williams,2023,Monaco,34.0,80.731,HARD,16.0,2.0,1,False,25.06590909090909,39.25568181818182,45.86363636363637,1.005681818181818,0.1477272727272727
ALB,Williams,2023,Monaco,38.0,78.633,HARD,20.0,2.0,1,False,25.06590909090909,39.25568181818182,45.86363636363637,1.005681818181818,0.1477272727272727
ALB,Williams,2023,Monaco,46.0,78.9,HARD,28.0,2.0,1,False,25.06590909090909,39.25568181818182,45.86363636363637,1.005681818181818,0.1477272727272727
ALB,Williams,2023,Monaco,45.0,78.829,HARD,27.0,2.0,1,False,25.06590909090909,39.25568181818182,45.86363636363637,1.005681818181818,0.1477272727272727
ALB,Williams,2023,Monaco,27.0,77.36,HARD,9.0,2.0,1,False,25.06590909090909,39.25568181818182,45.86363636363637,1.005681818181818,0.1477272727272727
ALB,Williams,2023,Monaco,43.0,78.486,HARD,25.0,2.0,1,False,25.06590909090909,39.25568181818182,45.86363636363637,1.005681818181818,0.1477272727272727
ALB,Williams,2023,Monaco,40.0,78.476,HARD,22.0,2.0,1,False,25.06590909090909,39.25568181818182,45.86363636363637,1.005681818181818,0.1477272727272727
ALB,Williams,2023,Monaco,31.0,79.152,HARD,13.0,2.0,1,False,25.06590909090909,39.25568181818182,45.86363636363637,1.005681818181818,0.1477272727272727
ALB,Williams,2023,Monaco,51.0,89.941,HARD,33.0,2.0,1,False,25.06590909090909,39.25568181818182,45.86363636363637,1.005681818181818,0.1477272727272727
ALB,Williams,2023,Monaco,28.0,78.528,HARD,10.0,2.0,1,False,25.06590909090909,39.25568181818182,45.86363636363637,1.005681818181818,0.1477272727272727
ALB,Williams,2023,Monaco,19.0,83.193,HARD,1.0,2.0,1,False,25.06590909090909,39.25568181818182,45.86363636363637,1.005681818181818,0.1477272727272727
ALB,Williams,2023,Monaco,23.0,77.064,HARD,5.0,2.0,1,True,25.06590909090909,39.25568181818182,45.86363636363637,1.005681818181818,0.1477272727272727
ALB,Williams,2023,Monaco,35.0,78.619,HARD,17.0,2.0,1,False,25.06590909090909,39.25568181818182,45.86363636363637,1.005681818181818,0.1477272727272727
ALB,Williams,2023,Monaco,36.0,78.804,HARD,18.0,2.0,1,False,25.06590909090909,39.25568181818182,45.86363636363637,1.005681818181818,0.1477272727272727
ALB,Williams,2023,Monaco,24.0,76.672,HARD,6.0,2.0,1,True,25.06590909090909,39.25568181818182,45.86363636363637,1.005681818181818,0.1477272727272727
ALB,Williams,2023,Monaco,32.0,79.589,HARD,14.0,2.0,1,False,25.06590909090909,39.25568181818182,45.86363636363637,1.005681818181818,0.1477272727272727
ALB,Williams,2023,Monaco,30.0,79.457,HARD,12.0,2.0,1,False,25.06590909090909,39.25568181818182,45.86363636363637,1.005681818181818,0.1477272727272727
ALB,Williams,2023,Monaco,20.0,78.47,HARD,2.0,2.0,1,True,25.06590909090909,39.25568181818182,45.86363636363637,1.005681818181818,0.1477272727272727
ALB,Williams,2023,Monaco,21.0,77.131,HARD,3.0,2.0,1,True,25.06590909090909,39.25568181818182,45.86363636363637,1.005681818181818,0.1477272727272727
ALB,Williams,2023,Monaco,49.0,80.597,HARD,31.0,2.0,1,False,25.06590909090909,39.25568181818182,45.86363636363637,1.005681818181818,0.1477272727272727
ALB,Williams,2023,Monaco,22.0,77.105,HARD,4.0,2.0,1,True,25.06590909090909,39.25568181818182,45.86363636363637,1.005681818181818,0.1477272727272727
ALB,Williams,2023,Monaco,48.0,78.882,HARD,30.0,2.0,1,False,25.06590909090909,39.25568181818182,45.86363636363637,1.005681818181818,0.1477272727272727
ALB,Williams,2023,Monaco,42.0,78.93,HARD,24.0,2.0,1,False,25.06590909090909,39.25568181818182,45.86363636363637,1.005681818181818,0.1477272727272727
ALB,Williams,2023,Monaco,50.0,80.166,HARD,32.0,2.0,1,False,25.06590909090909,39.25568181818182,45.86363636363637,1.005681818181818,0.1477272727272727
ALB,Williams,2023,Monaco,41.0,78.825,HARD,23.0,2.0,1,False,25.06590909090909,39.25568181818182,45.86363636363637,1.005681818181818,0.1477272727272727
ALB,Williams,2023,Monaco,37.0,79.143,HARD,19.0,2.0,1,False,25.06590909090909,39.25568181818182,45.86363636363637,1.005681818181818,0.1477272727272727
ALB,Williams,2023,Monaco,44.0,78.767,HARD,26.0,2.0,1,False,25.06590909090909,39.25568181818182,45.86363636363637,1.005681818181818,0.1477272727272727
ALB,Williams,2023,Monaco,25.0,76.793,HARD,7.0,2.0,1,False,25.06590909090909,39.25568181818182,45.86363636363637,1.005681818181818,0.1477272727272727
ALB,Williams,2023,Monaco,39.0,78.774,HARD,21.0,2.0,1,False,25.06590909090909,39.25568181818182,45.86363636363637,1.005681818181818,0.1477272727272727
ALB,Williams,2023,Monaco,52.0,115.852,HARD,34.0,2.0,1,False,25.06590909090909,39.25568181818182,45.86363636363637,1.005681818181818,0.1477272727272727
ALB,Williams,2023,Monaco,26.0,76.962,HARD,8.0,2.0,1,False,25.06590909090909,39.25568181818182,45.86363636363637,1.005681818181818,0.1477272727272727
ALB,Williams,2023,Monaco,29.0,78.952,HARD,11.0,2.0,1,False,25.06590909090909,39.25568181818182,45.86363636363637,1.005681818181818,0.1477272727272727
ALB,Williams,2023,Monaco,33.0,81.559,HARD,15.0,2.0,1,False,25.06590909090909,39.25568181818182,45.86363636363637,1.005681818181818,0.1477272727272727
ALB,Williams,2023,Monaco,47.0,78.528,HARD,29.0,2.0,1,False,25.06590909090909,39.25568181818182,45.86363636363637,1.005681818181818,0.1477272727272727
ALB,Williams,2023,Monaco,61.0,101.209,INTERMEDIATE,9.0,3.0,1,False,25.06590909090909,39.25568181818182,45.86363636363637,1.005681818181818,0.1477272727272727
ALB,Williams,2023,Monaco,69.0,94.087,INTERMEDIATE,17.0,3.0,1,False,25.06590909090909,39.25568181818182,45.86363636363637,1.005681818181818,0.1477272727272727
ALB,Williams,2023,Monaco,53.0,96.281,INTERMEDIATE,1.0,3.0,1,False,25.06590909090909,39.25568181818182,45.86363636363637,1.005681818181818,0.1477272727272727
ALB,Williams,2023,Monaco,76.0,86.764,INTERMEDIATE,24.0,3.0,1,False,25.06590909090909,39.25568181818182,45.86363636363637,1.005681818181818,0.1477272727272727
ALB,Williams,2023,Monaco,64.0,97.428,INTERMEDIATE,12.0,3.0,1,False,25.06590909090909,39.25568181818182,45.86363636363637,1.005681818181818,0.1477272727272727
ALB,Williams,2023,Monaco,62.0,99.897,INTERMEDIATE,10.0,3.0,1,False,25.06590909090909,39.25568181818182,45.86363636363637,1.005681818181818,0.1477272727272727
ALB,Williams,2023,Monaco,66.0,94.016,INTERMEDIATE,14.0,3.0,1,False,25.06590909090909,39.25568181818182,45.86363636363637,1.005681818181818,0.1477272727272727
ALB,Williams,2023,Monaco,54.0,98.297,INTERMEDIATE,2.0,3.0,12,False,25.06590909090909,39.25568181818182,45.86363636363637,1.005681818181818,0.1477272727272727
ALB,Williams,2023,Monaco,75.0,87.197,INTERMEDIATE,23.0,3.0,1,False,25.06590909090909,39.25568181818182,45.86363636363637,1.005681818181818,0.1477272727272727
ALB,Williams,2023,Monaco,58.0,106.101,INTERMEDIATE,6.0,3.0,12,False,25.06590909090909,39.25568181818182,45.86363636363637,1.005681818181818,0.1477272727272727
ALB,Williams,2023,Monaco,55.0,105.721,INTERMEDIATE,3.0,3.0,21,False,25.06590909090909,39.25568181818182,45.86363636363637,1.005681818181818,0.1477272727272727
ALB,Williams,2023,Monaco,65.0,95.42,INTERMEDIATE,13.0,3.0,1,False,25.06590909090909,39.25568181818182,45.86363636363637,1.005681818181818,0.1477272727272727
ALB,Williams,2023,Monaco,68.0,93.322,INTERMEDIATE,16.0,3.0,21,False,25.06590909090909,39.25568181818182,45.86363636363637,1.005681818181818,0.1477272727272727
ALB,Williams,2023,Monaco,56.0,104.909,INTERMEDIATE,4.0,3.0,1,False,25.06590909090909,39.25568181818182,45.86363636363637,1.005681818181818,0.1477272727272727
ALB,Williams,2023,Monaco,57.0,102.2,INTERMEDIATE,5.0,3.0,12,False,25.06590909090909,39.25568181818182,45.86363636363637,1.005681818181818,0.1477272727272727
ALB,Williams,2023,Monaco,73.0,92.141,INTERMEDIATE,21.0,3.0,1,False,25.06590909090909,39.25568181818182,45.86363636363637,1.005681818181818,0.1477272727272727
ALB,Williams,2023,Monaco,70.0,90.63,INTERMEDIATE,18.0,3.0,1,False,25.06590909090909,39.25568181818182,45.86363636363637,1.005681818181818,0.1477272727272727
ALB,Williams,2023,Monaco,74.0,88.241,INTERMEDIATE,22.0,3.0,1,False,25.06590909090909,39.25568181818182,45.86363636363637,1.005681818181818,0.1477272727272727
ALB,Williams,2023,Monaco,71.0,89.729,INTERMEDIATE,19.0,3.0,1,False,25.06590909090909,39.25568181818182,45.86363636363637,1.005681818181818,0.1477272727272727
ALB,Williams,2023,Monaco,77.0,87.816,INTERMEDIATE,25.0,3.0,1,False,25.06590909090909,39.25568181818182,45.86363636363637,1.005681818181818,0.1477272727272727
ALB,Williams,2023,Monaco,60.0,115.401,INTERMEDIATE,8.0,3.0,12,False,25.06590909090909,39.25568181818182,45.86363636363637,1.005681818181818,0.1477272727272727
ALB,Williams,2023,Monaco,63.0,98.649,INTERMEDIATE,11.0,3.0,1,False,25.06590909090909,39.25568181818182,45.86363636363637,1.005681818181818,0.1477272727272727
ALB,Williams,2023,Monaco,67.0,93.223,INTERMEDIATE,15.0,3.0,12,False,25.06590909090909,39.25568181818182,45.86363636363637,1.005681818181818,0.1477272727272727
ALB,Williams,2023,Monaco,72.0,89.217,INTERMEDIATE,20.0,3.0,1,False,25.06590909090909,39.25568181818182,45.86363636363637,1.005681818181818,0.1477272727272727
ALB,Williams,2023,Monaco,59.0,103.133,INTERMEDIATE,7.0,3.0,21,False,25.06590909090909,39.25568181818182,45.86363636363637,1.005681818181818,0.1477272727272727
ALB,Williams,2023,Monaco,1.0,94.616,MEDIUM,1.0,1.0,12,False,25.06590909090909,39.25568181818182,45.86363636363637,1.005681818181818,0.1477272727272727
ALB,Williams,2023,Monaco,2.0,80.977,MEDIUM,2.0,1.0,1,True,25.06590909090909,39.25568181818182,45.86363636363637,1.005681818181818,0.1477272727272727
ALB,Williams,2023,Monaco,9.0,79.293,MEDIUM,9.0,1.0,1,False,25.06590909090909,39.25568181818182,45.86363636363637,1.005681818181818,0.1477272727272727
ALB,Williams,2023,Monaco,6.0,79.165,MEDIUM,6.0,1.0,1,True,25.06590909090909,39.25568181818182,45.86363636363637,1.005681818181818,0.1477272727272727
ALB,Williams,2023,Monaco,4.0,80.276,MEDIUM,4.0,1.0,1,True,25.06590909090909,39.25568181818182,45.86363636363637,1.005681818181818,0.1477272727272727
ALB,Williams,2023,Monaco,14.0,80.259,MEDIUM,14.0,1.0,12,False,25.06590909090909,39.25568181818182,45.86363636363637,1.005681818181818,0.1477272727272727
ALB,Williams,2023,Monaco,17.0,80.624,MEDIUM,17.0,1.0,1,False,25.06590909090909,39.25568181818182,45.86363636363637,1.005681818181818,0.1477272727272727
ALB,Williams,2023,Monaco,16.0,80.443,MEDIUM,16.0,1.0,1,False,25.06590909090909,39.25568181818182,45.86363636363637,1.005681818181818,0.1477272727272727
ALB,Williams,2023,Monaco,12.0,80.31,MEDIUM,12.0,1.0,21,False,25.06590909090909,39.25568181818182,45.86363636363637,1.005681818181818,0.1477272727272727
ALB,Williams,2023,Monaco,3.0,80.703,MEDIUM,3.0,1.0,1,True,25.06590909090909,39.25568181818182,45.86363636363637,1.005681818181818,0.1477272727272727
ALB,Williams,2023,Monaco,10.0,79.338,MEDIUM,10.0,1.0,1,False,25.06590909090909,39.25568181818182,45.86363636363637,1.005681818181818,0.1477272727272727
ALB,Williams,2023,Monaco,18.0,98.414,MEDIUM,18.0,1.0,1,False,25.06590909090909,39.25568181818182,45.86363636363637,1.005681818181818,0.1477272727272727
ALB,Williams,2023,Monaco,5.0,79.967,MEDIUM,5.0,1.0,1,True,25.06590909090909,39.25568181818182,45.86363636363637,1.005681818181818,0.1477272727272727
ALB,Williams,2023,Monaco,13.0,79.885,MEDIUM,13.0,1.0,1,False,25.06590909090909,39.25568181818182,45.86363636363637,1.005681818181818,0.1477272727272727
ALB,Williams,2023,Monaco,8.0,78.796,MEDIUM,8.0,1.0,1,True,25.06590909090909,39.25568181818182,45.86363636363637,1.005681818181818,0.1477272727272727
ALB,Williams,2023,Monaco,11.0,79.278,MEDIUM,11.0,1.0,12,False,25.06590909090909,39.25568181818182,45.86363636363637,1.005681818181818,0.1477272727272727
ALB,Williams,2023,Monaco,15.0,80.892,MEDIUM,15.0,1.0,1,False,25.06590909090909,39.25568181818182,45.86363636363637,1.005681818181818,0.1477272727272727
ALB,Williams,2023,Monaco,7.0,79.055,MEDIUM,7.0,1.0,1,True,25.06590909090909,39.25568181818182,45.86363636363637,1.005681818181818,0.1477272727272727
ALO,Aston Martin,2023,Monaco,20.0,77.13,HARD,21.0,1.0,1,True,25.06590909090909,39.25568181818182,45.86363636363637,1.005681818181818,0.1477272727272727
ALO,Aston Martin,2023,Monaco,50.0,77.408,HARD,51.0,1.0,1,False,25.06590909090909,39.25568181818182,45.86363636363637,1.005681818181818,0.1477272727272727
ALO,Aston Martin,2023,Monaco,49.0,76.992,HARD,50.0,1.0,1,False,25.06590909090909,39.25568181818182,45.86363636363637,1.005681818181818,0.1477272727272727
ALO,Aston Martin,2023,Monaco,13.0,78.443,HARD,14.0,1.0,21,False,25.06590909090909,39.25568181818182,45.86363636363637,1.005681818181818,0.1477272727272727
ALO,Aston Martin,2023,Monaco,45.0,76.862,HARD,46.0,1.0,1,False,25.06590909090909,39.25568181818182,45.86363636363637,1.005681818181818,0.1477272727272727
ALO,Aston Martin,2023,Monaco,6.0,77.952,HARD,7.0,1.0,1,False,25.06590909090909,39.25568181818182,45.86363636363637,1.005681818181818,0.1477272727272727
ALO,Aston Martin,2023,Monaco,18.0,77.528,HARD,19.0,1.0,1,False,25.06590909090909,39.25568181818182,45.86363636363637,1.005681818181818,0.1477272727272727
ALO,Aston Martin,2023,Monaco,53.0,90.862,HARD,54.0,1.0,1,False,25.06590909090909,39.25568181818182,45.86363636363637,1.005681818181818,0.1477272727272727
ALO,Aston Martin,2023,Monaco,4.0,78.776,HARD,5.0,1.0,1,True,25.06590909090909,39.25568181818182,45.86363636363637,1.005681818181818,0.1477272727272727
ALO,Aston Martin,2023,Monaco,33.0,77.816,HARD,34.0,1.0,1,False,25.06590909090909,39.25568181818182,45.86363636363637,1.005681818181818,0.1477272727272727
ALO,Aston Martin,2023,Monaco,14.0,77.508,HARD,15.0,1.0,12,False,25.06590909090909,39.25568181818182,45.86363636363637,1.005681818181818,0.1477272727272727
ALO,Aston Martin,2023,Monaco,9.0,77.783,HARD,10.0,1.0,1,False,25.06590909090909,39.25568181818182,45.86363636363637,1.005681818181818,0.1477272727272727
ALO,Aston Martin,2023,Monaco,27.0,77.228,HARD,28.0,1.0,1,False,25.06590909090909,39.25568181818182,45.86363636363637,1.005681818181818,0.1477272727272727
ALO,Aston Martin,2023,Monaco,7.0,77.505,HARD,8.0,1.0,1,True,25.06590909090909,39.25568181818182,45.86363636363637,1.005681818181818,0.1477272727272727
ALO,Aston Martin,2023,Monaco,35.0,78.634,HARD,36.0,1.0,1,False,25.06590909090909,39.25568181818182,45.86363636363637,1.005681818181818,0.1477272727272727
ALO,Aston Martin,2023,Monaco,5.0,77.939,HARD,6.0,1.0,1,True,25.06590909090909,39.25568181818182,45.86363636363637,1.005681818181818,0.1477272727272727
ALO,Aston Martin,2023,Monaco,38.0,77.141,HARD,39.0,1.0,1,False,25.06590909090909,39.25568181818182,45.86363636363637,1.005681818181818,0.1477272727272727
ALO,Aston Martin,2023,Monaco,25.0,77.182,HARD,26.0,1.0,1,False,25.06590909090909,39.25568181818182,45.86363636363637,1.005681818181818,0.1477272727272727
ALO,Aston Martin,2023,Monaco,46.0,77.114,HARD,47.0,1.0,1,False,25.06590909090909,39.25568181818182,45.86363636363637,1.005681818181818,0.1477272727272727
ALO,Aston Martin,2023,Monaco,34.0,79.297,HARD,35.0,1.0,1,False,25.06590909090909,39.25568181818182,45.86363636363637,1.005681818181818,0.1477272727272727
ALO,Aston Martin,2023,Monaco,51.0,79.991,HARD,52.0,1.0,1,False,25.06590909090909,39.25568181818182,45.86363636363637,1.005681818181818,0.1477272727272727
ALO,Aston Martin,2023,Monaco,16.0,77.17,HARD,17.0,1.0,1,True,25.06590909090909,39.25568181818182,45.86363636363637,1.005681818181818,0.1477272727272727
ALO,Aston Martin,2023,Monaco,10.0,77.324,HARD,11.0,1.0,1,True,25.06590909090909,39.25568181818182,45.86363636363637,1.005681818181818,0.1477272727272727
ALO,Aston Martin,2023,Monaco,17.0,77.699,HARD,18.0,1.0,1,False,25.06590909090909,39.25568181818182,45.86363636363637,1.005681818181818,0.1477272727272727
ALO,Aston Martin,2023,Monaco,31.0,77.259,HARD,32.0,1.0,1,False,25.06590909090909,39.25568181818182,45.86363636363637,1.005681818181818,0.1477272727272727
ALO,Aston Martin,2023,Monaco,37.0,77.974,HARD,38.0,1.0,1,False,25.06590909090909,39.25568181818182,45.86363636363637,1.005681818181818,0.1477272727272727
ALO,Aston Martin,2023,Monaco,26.0,77.141,HARD,27.0,1.0,1,False,25.06590909090909,39.25568181818182,45.86363636363637,1.005681818181818,0.1477272727272727
ALO,Aston Martin,2023,Monaco,12.0,77.588,HARD,13.0,1.0,12,False,25.06590909090909,39.25568181818182,45.86363636363637,1.005681818181818,0.1477272727272727
ALO,Aston Martin,2023,Monaco,1.0,85.527,HARD,2.0,1.0,12,False,25.06590909090909,39.25568181818182,45.86363636363637,1.005681818181818,0.1477272727272727
ALO,Aston Martin,2023,Monaco,48.0,76.931,HARD,49.0,1.0,1,False,25.06590909090909,39.25568181818182,45.86363636363637,1.005681818181818,0.1477272727272727
ALO,Aston Martin,2023,Monaco,28.0,77.562,HARD,29.0,1.0,1,False,25.06590909090909,39.25568181818182,45.86363636363637,1.005681818181818,0.1477272727272727
ALO,Aston Martin,2023,Monaco,32.0,77.637,HARD,33.0,1.0,1,False,25.06590909090909,39.25568181818182,45.86363636363637,1.005681818181818,0.1477272727272727
ALO,Aston Martin,2023,Monaco,41.0,77.016,HARD,42.0,1.0,1,False,25.06590909090909,39.25568181818182,45.86363636363637,1.005681818181818,0.1477272727272727
ALO,Aston Martin,2023,Monaco,30.0,76.965,HARD,31.0,1.0,1,True,25.06590909090909,39.25568181818182,45.86363636363637,1.005681818181818,0.1477272727272727
ALO,Aston Martin,2023,Monaco,47.0,77.108,HARD,48.0,1.0,1,False,25.06590909090909,39.25568181818182,45.86363636363637,1.005681818181818,0.1477272727272727
ALO,Aston Martin,2023,Monaco,2.0,79.646,HARD,3.0,1.0,1,True,25.06590909090909,39.25568181818182,45.86363636363637,1.005681818181818,0.1477272727272727
ALO,Aston Martin,2023,Monaco,22.0,77.947,HARD,23.0,1.0,1,False,25.06590909090909,39.25568181818182,45.86363636363637,1.005681818181818,0.1477272727272727
ALO,Aston Martin,2023,Monaco,3.0,79.113,HARD,4.0,1.0,1,True,25.06590909090909,39.25568181818182,45.86363636363637,1.005681818181818,0.1477272727272727
ALO,Aston Martin,2023,Monaco,42.0,76.719,HARD,43.0,1.0,1,True,25.06590909090909,39.25568181818182,45.86363636363637,1.005681818181818,0.1477272727272727
ALO,Aston Martin,2023,Monaco,40.0,77.63,HARD,41.0,1.0,1,False,25.06590909090909,39.25568181818182,45.86363636363637,1.005681818181818,0.1477272727272727
ALO,Aston Martin,2023,Monaco,71.0,91.057,INTERMEDIATE,16.0,3.0,1,False,25.06590909090909,39.25568181818182,45.86363636363637,1.005681818181818,0.1477272727272727
ALO,Aston Martin,2023,Monaco,65.0,97.64,INTERMEDIATE,10.0,3.0,1,False,25.06590909090909,39.25568181818182,45.86363636363637,1.005681818181818,0.1477272727272727
ALO,Aston Martin,2023,Monaco,56.0,108.531,INTERMEDIATE,1.0,3.0,21,False,25.06590909090909,39.25568181818182,45.86363636363637,1.005681818181818,0.1477272727272727
ALO,Aston Martin,2023,Monaco,64.0,98.135,INTERMEDIATE,9.0,3.0,1,False,25.06590909090909,39.25568181818182,45.86363636363637,1.005681818181818,0.1477272727272727
ALO,Aston Martin,2023,Monaco,73.0,90.346,INTERMEDIATE,18.0,3.0,1,False,25.06590909090909,39.25568181818182,45.86363636363637,1.005681818181818,0.1477272727272727
ALO,Aston Martin,2023,Monaco,68.0,92.841,INTERMEDIATE,13.0,3.0,1,False,25.06590909090909,39.25568181818182,45.86363636363637,1.005681818181818,0.1477272727272727
ALO,Aston Martin,2023,Monaco,57.0,102.581,INTERMEDIATE,2.0,3.0,1,False,25.06590909090909,39.25568181818182,45.86363636363637,1.005681818181818,0.1477272727272727
ALO,Aston Martin,2023,Monaco,69.0,93.864,INTERMEDIATE,14.0,3.0,12,False,25.06590909090909,39.25568181818182,45.86363636363637,1.005681818181818,0.1477272727272727
ALO,Aston Martin,2023,Monaco,61.0,102.727,INTERMEDIATE,6.0,3.0,12,False,25.06590909090909,39.25568181818182,45.86363636363637,1.005681818181818,0.1477272727272727
ALO,Aston Martin,2023,Monaco,58.0,101.267,INTERMEDIATE,3.0,3.0,12,False,25.06590909090909,39.25568181818182,45.86363636363637,1.005681818181818,0.1477272727272727
ALO,Aston Martin,2023,Monaco,67.0,93.205,INTERMEDIATE,12.0,3.0,1,False,25.06590909090909,39.25568181818182,45.86363636363637,1.005681818181818,0.1477272727272727
ALO,Aston Martin,2023,Monaco,76.0,86.931,INTERMEDIATE,21.0,3.0,1,False,25.06590909090909,39.25568181818182,45.86363636363637,1.005681818181818,0.1477272727272727
ALO,Aston Martin,2023,Monaco,59.0,100.897,INTERMEDIATE,4.0,3.0,21,False,25.06590909090909,39.25568181818182,45.86363636363637,1.005681818181818,0.1477272727272727
ALO,Aston Martin,2023,Monaco,60.0,100.638,INTERMEDIATE,5.0,3.0,12,False,25.06590909090909,39.25568181818182,45.86363636363637,1.005681818181818,0.1477272727272727
ALO,Aston Martin,2023,Monaco,74.0,87.245,INTERMEDIATE,19.0,3.0,1,False,25.06590909090909,39.25568181818182,45.86363636363637,1.005681818181818,0.1477272727272727
ALO,Aston Martin,2023,Monaco,72.0,89.419,INTERMEDIATE,17.0,3.0,1,False,25.06590909090909,39.25568181818182,45.86363636363637,1.005681818181818,0.1477272727272727
ALO,Aston Martin,2023,Monaco,77.0,84.701,INTERMEDIATE,22.0,3.0,1,False,25.06590909090909,39.25568181818182,45.86363636363637,1.005681818181818,0.1477272727272727
ALO,Aston Martin,2023,Monaco,78.0,85.668,INTERMEDIATE,23.0,3.0,1,False,25.06590909090909,39.25568181818182,45.86363636363637,1.005681818181818,0.1477272727272727
ALO,Aston Martin,2023,Monaco,63.0,99.671,INTERMEDIATE,8.0,3.0,1,False,25.06590909090909,39.25568181818182,45.86363636363637,1.005681818181818,0.1477272727272727
ALO,Aston Martin,2023,Monaco,66.0,96.332,INTERMEDIATE,11.0,3.0,1,False,25.06590909090909,39.25568181818182,45.86363636363637,1.005681818181818,0.1477272727272727
ALO,Aston Martin,2023,Monaco,70.0,91.23,INTERMEDIATE,15.0,3.0,1,False,25.06590909090909,39.25568181818182,45.86363636363637,1.005681818181818,0.1477272727272727
ALO,Aston Martin,2023,Monaco,75.0,85.7,INTERMEDIATE,20.0,3.0,1,False,25.06590909090909,39.25568181818182,45.86363636363637,1.005681818181818,0.1477272727272727
ALO,Aston Martin,2023,Monaco,62.0,100.467,INTERMEDIATE,7.0,3.0,1,False,25.06590909090909,39.25568181818182,45.86363636363637,1.005681818181818,0.1477272727272727
ALO,Aston Martin,2023,Monaco,55.0,126.635,MEDIUM,2.0,2.0,12,False,25.06590909090909,39.25568181818182,45.86363636363637,1.005681818181818,0.1477272727272727
BOT,Alfa Romeo,2023,Monaco,44.0,78.606,HARD,44.0,1.0,1,False,25.06590909090909,39.25568181818182,45.86363636363637,1.005681818181818,0.1477272727272727
BOT,Alfa Romeo,2023,Monaco,41.0,78.706,HARD,41.0,1.0,1,False,25.06590909090909,39.25568181818182,45.86363636363637,1.005681818181818,0.1477272727272727
BOT,Alfa Romeo,2023,Monaco,47.0,78.343,HARD,47.0,1.0,1,False,25.06590909090909,39.25568181818182,45.86363636363637,1.005681818181818,0.1477272727272727
BOT,Alfa Romeo,2023,Monaco,13.0,79.511,HARD,13.0,1.0,1,False,25.06590909090909,39.25568181818182,45.86363636363637,1.005681818181818,0.1477272727272727
BOT,Alfa Romeo,2023,Monaco,25.0,80.203,HARD,25.0,1.0,1,False,25.06590909090909,39.25568181818182,45.86363636363637,1.005681818181818,0.1477272727272727
BOT,Alfa Romeo,2023,Monaco,32.0,79.47,HARD,32.0,1.0,1,False,25.06590909090909,39.25568181818182,45.86363636363637,1.005681818181818,0.1477272727272727
BOT,Alfa Romeo,2023,Monaco,18.0,78.764,HARD,18.0,1.0,1,True,25.06590909090909,39.25568181818182,45.86363636363637,1.005681818181818,0.1477272727272727
BOT,Alfa Romeo,2023,Monaco,33.0,78.655,HARD,33.0,1.0,1,False,25.06590909090909,39.25568181818182,45.86363636363637,1.005681818181818,0.1477272727272727
BOT,Alfa Romeo,2023,Monaco,4.0,80.341,HARD,4.0,1.0,1,False,25.06590909090909,39.25568181818182,45.86363636363637,1.005681818181818,0.1477272727272727
BOT,Alfa Romeo,2023,Monaco,31.0,79.021,HARD,31.0,1.0,1,False,25.06590909090909,39.25568181818182,45.86363636363637,1.005681818181818,0.1477272727272727
BOT,Alfa Romeo,2023,Monaco,14.0,80.067,HARD,14.0,1.0,12,False,25.06590909090909,39.25568181818182,45.86363636363637,1.005681818181818,0.1477272727272727
BOT,Alfa Romeo,2023,Monaco,9.0,79.007,HARD,9.0,1.0,1,False,25.06590909090909,39.25568181818182,45.86363636363637,1.005681818181818,0.1477272727272727
BOT,Alfa Romeo,2023,Monaco,50.0,79.704,HARD,50.0,1.0,1,False,25.06590909090909,39.25568181818182,45.86363636363637,1.005681818181818,0.1477272727272727
BOT,Alfa Romeo,2023,Monaco,7.0,79.167,HARD,7.0,1.0,1,False,25.06590909090909,39.25568181818182,45.86363636363637,1.005681818181818,0.1477272727272727
BOT,Alfa Romeo,2023,Monaco,48.0,78.151,HARD,48.0,1.0,1,False,25.06590909090909,39.25568181818182,45.86363636363637,1.005681818181818,0.1477272727272727
BOT,Alfa Romeo,2023,Monaco,5.0,80.022,HARD,5.0,1.0,1,False,25.06590909090909,39.25568181818182,45.86363636363637,1.005681818181818,0.1477272727272727
BOT,Alfa Romeo,2023,Monaco,37.0,79.112,HARD,37.0,1.0,1,False,25.06590909090909,39.25568181818182,45.86363636363637,1.005681818181818,0.1477272727272727
BOT,Alfa Romeo,2023,Monaco,34.0,80.226,HARD,34.0,1.0,1,False,25.06590909090909,39.25568181818182,45.86363636363637,1.005681818181818,0.1477272727272727
BOT,Alfa Romeo,2023,Monaco,20.0,78.024,HARD,20.0,1.0,1,False,25.06590909090909,39.25568181818182,45.86363636363637,1.005681818181818,0.1477272727272727
BOT,Alfa Romeo,2023,Monaco,49.0,78.383,HARD,49.0,1.0,1,False,25.06590909090909,39.25568181818182,45.86363636363637,1.005681818181818,0.1477272727272727
BOT,Alfa Romeo,2023,Monaco,16.0,80.48,HARD,16.0,1.0,1,False,25.06590909090909,39.25568181818182,45.86363636363637,1.005681818181818,0.1477272727272727
BOT,Alfa Romeo,2023,Monaco,10.0,79.527,HARD,10.0,1.0,1,False,25.06590909090909,39.25568181818182,45.86363636363637,1.005681818181818,0.1477272727272727
BOT,Alfa Romeo,2023,Monaco,17.0,80.577,HARD,17.0,1.0,1,False,25.06590909090909,39.25568181818182,45.86363636363637,1.005681818181818,0.1477272727272727
BOT,Alfa Romeo,2023,Monaco,27.0,80.162,HARD,27.0,1.0,1,False,25.06590909090909,39.25568181818182,45.86363636363637,1.005681818181818,0.1477272727272727
BOT,Alfa Romeo,2023,Monaco,45.0,78.202,HARD,45.0,1.0,1,False,25.06590909090909,39.25568181818182,45.86363636363637,1.005681818181818,0.1477272727272727
BOT,Alfa Romeo,2023,Monaco,26.0,80.222,HARD,26.0,1.0,1,False,25.06590909090909,39.25568181818182,45.86363636363637,1.005681818181818,0.1477272727272727
BOT,Alfa Romeo,2023,Monaco,12.0,80.206,HARD,12.0,1.0,21,False,25.06590909090909,39.25568181818182,45.86363636363637,1.005681818181818,0.1477272727272727
BOT,Alfa Romeo,2023,Monaco,1.0,96.914,HARD,1.0,1.0,12,False,25.06590909090909,39.25568181818182,45.86363636363637,1.005681818181818,0.1477272727272727
BOT,Alfa Romeo,2023,Monaco,46.0,78.153,HARD,46.0,1.0,1,False,25.06590909090909,39.25568181818182,45.86363636363637,1.005681818181818,0.1477272727272727
BOT,Alfa Romeo,2023,Monaco,28.0,79.853,HARD,28.0,1.0,1,False,25.06590909090909,39.25568181818182,45.86363636363637,1.005681818181818,0.1477272727272727
BOT,Alfa Romeo,2023,Monaco,35.0,79.889,HARD,35.0,1.0,1,False,25.06590909090909,39.25568181818182,45.86363636363637,1.005681818181818,0.1477272727272727
BOT,Alfa Romeo,2023,Monaco,6.0,79.165,HARD,6.0,1.0,1,True,25.06590909090909,39.25568181818182,45.86363636363637,1.005681818181818,0.1477272727272727
BOT,Alfa Romeo,2023,Monaco,30.0,79.393,HARD,30.0,1.0,1,False,25.06590909090909,39.25568181818182,45.86363636363637,1.005681818181818,0.1477272727272727
BOT,Alfa Romeo,2023,Monaco,38.0,80.07,HARD,38.0,1.0,1,False,25.06590909090909,39.25568181818182,45.86363636363637,1.005681818181818,0.1477272727272727
BOT,Alfa Romeo,2023,Monaco,2.0,80.021,HARD,2.0,1.0,1,True,25.06590909090909,39.25568181818182,45.86363636363637,1.005681818181818,0.1477272727272727
BOT,Alfa Romeo,2023,Monaco,22.0,78.26,HARD,22.0,1.0,1,False,25.06590909090909,39.25568181818182,45.86363636363637,1.005681818181818,0.1477272727272727
BOT,Alfa Romeo,2023,Monaco,3.0,80.142,HARD,3.0,1.0,1,False,25.06590909090909,39.25568181818182,45.86363636363637,1.005681818181818,0.1477272727272727
BOT,Alfa Romeo,2023,Monaco,40.0,78.968,HARD,40.0,1.0,1,False,25.06590909090909,39.25568181818182,45.86363636363637,1.005681818181818,0.1477272727272727
BOT,Alfa Romeo,2023,Monaco,36.0,79.139,HARD,36.0,1.0,1,False,25.06590909090909,39.25568181818182,45.86363636363637,1.005681818181818,0.1477272727272727
BOT,Alfa Romeo,2023,Monaco,24.0,80.068,HARD,24.0,1.0,1,False,25.06590909090909,39.25568181818182,45.86363636363637,1.005681818181818,0.1477272727272727
BOT,Alfa Romeo,2023,Monaco,60.0,101.926,INTERMEDIATE,9.0,2.0,12,False,25.06590909090909,39.25568181818182,45.86363636363637,1.005681818181818,0.1477272727272727
BOT,Alfa Romeo,2023,Monaco,68.0,94.038,INTERMEDIATE,17.0,2.0,12,False,25.06590909090909,39.25568181818182,45.86363636363637,1.005681818181818,0.1477272727272727
BOT,Alfa Romeo,2023,Monaco,52.0,92.154,INTERMEDIATE,1.0,2.0,1,False,25.06590909090909,39.25568181818182,45.86363636363637,1.005681818181818,0.1477272727272727
BOT,Alfa Romeo,2023,Monaco,76.0,84.637,INTERMEDIATE,25.0,2.0,1,False,25.06590909090909,39.25568181818182,45.86363636363637,1.005681818181818,0.1477272727272727
BOT,Alfa Romeo,2023,Monaco,63.0,99.237,INTERMEDIATE,12.0,2.0,1,False,25.06590909090909,39.25568181818182,45.86363636363637,1.005681818181818,0.1477272727272727
BOT,Alfa Romeo,2023,Monaco,61.0,100.096,INTERMEDIATE,10.0,2.0,1,False,25.06590909090909,39.25568181818182,45.86363636363637,1.005681818181818,0.1477272727272727
BOT,Alfa Romeo,2023,Monaco,65.0,96.44,INTERMEDIATE,14.0,2.0,1,False,25.06590909090909,39.25568181818182,45.86363636363637,1.005681818181818,0.1477272727272727
BOT,Alfa Romeo,2023,Monaco,53.0,92.72,INTERMEDIATE,2.0,2.0,1,False,25.06590909090909,39.25568181818182,45.86363636363637,1.005681818181818,0.1477272727272727
BOT,Alfa Romeo,2023,Monaco,75.0,86.553,INTERMEDIATE,24.0,2.0,1,False,25.06590909090909,39.25568181818182,45.86363636363637,1.005681818181818,0.1477272727272727
BOT,Alfa Romeo,2023,Monaco,57.0,100.402,INTERMEDIATE,6.0,2.0,12,False,25.06590909090909,39.25568181818182,45.86363636363637,1.005681818181818,0.1477272727272727
BOT,Alfa Romeo,2023,Monaco,54.0,98.747,INTERMEDIATE,3.0,2.0,12,False,25.06590909090909,39.25568181818182,45.86363636363637,1.005681818181818,0.1477272727272727
BOT,Alfa Romeo,2023,Monaco,64.0,97.459,INTERMEDIATE,13.0,2.0,1,False,25.06590909090909,39.25568181818182,45.86363636363637,1.005681818181818,0.1477272727272727
BOT,Alfa Romeo,2023,Monaco,67.0,95.077,INTERMEDIATE,16.0,2.0,1,False,25.06590909090909,39.25568181818182,45.86363636363637,1.005681818181818,0.1477272727272727
BOT,Alfa Romeo,2023,Monaco,55.0,103.627,INTERMEDIATE,4.0,2.0,21,False,25.06590909090909,39.25568181818182,45.86363636363637,1.005681818181818,0.1477272727272727
BOT,Alfa Romeo,2023,Monaco,56.0,100.028,INTERMEDIATE,5.0,2.0,1,False,25.06590909090909,39.25568181818182,45.86363636363637,1.005681818181818,0.1477272727272727
BOT,Alfa Romeo,2023,Monaco,73.0,87.23,INTERMEDIATE,22.0,2.0,1,False,25.06590909090909,39.25568181818182,45.86363636363637,1.005681818181818,0.1477272727272727
BOT,Alfa Romeo,2023,Monaco,69.0,90.766,INTERMEDIATE,18.0,2.0,1,False,25.06590909090909,39.25568181818182,45.86363636363637,1.005681818181818,0.1477272727272727
BOT,Alfa Romeo,2023,Monaco,74.0,86.646,INTERMEDIATE,23.0,2.0,1,False,25.06590909090909,39.25568181818182,45.86363636363637,1.005681818181818,0.1477272727272727
BOT,Alfa Romeo,2023,Monaco,70.0,92.495,INTERMEDIATE,19.0,2.0,1,False,25.06590909090909,39.25568181818182,45.86363636363637,1.005681818181818,0.1477272727272727
BOT,Alfa Romeo,2023,Monaco,77.0,84.139,INTERMEDIATE,26.0,2.0,1,False,25.06590909090909,39.25568181818182,45.86363636363637,1.005681818181818,0.1477272727272727
BOT,Alfa Romeo,2023,Monaco,72.0,92.025,INTERMEDIATE,21.0,2.0,1,False,25.06590909090909,39.25568181818182,45.86363636363637,1.005681818181818,0.1477272727272727
BOT,Alfa Romeo,2023,Monaco,59.0,102.622,INTERMEDIATE,8.0,2.0,12,False,25.06590909090909,39.25568181818182,45.86363636363637,1.005681818181818,0.1477272727272727
BOT,Alfa Romeo,2023,Monaco,62.0,99.577,INTERMEDIATE,11.0,2.0,1,False,25.06590909090909,39.25568181818182,45.86363636363637,1.005681818181818,0.1477272727272727
BOT,Alfa Romeo,2023,Monaco,66.0,95.048,INTERMEDIATE,15.0,2.0,1,False,25.06590909090909,39.25568181818182,45.86363636363637,1.005681818181818,0.1477272727272727
BOT,Alfa Romeo,2023,Monaco,71.0,91.967,INTERMEDIATE,20.0,2.0,1,False,25.06590909090909,39.25568181818182,45.86363636363637,1.005681818181818,0.1477272727272727
BOT,Alfa Romeo,2023,Monaco,58.0,102.952,INTERMEDIATE,7.0,2.0,12,False,25.06590909090909,39.25568181818182,45.86363636363637,1.005681818181818,0.1477272727272727
DEV,AlphaTauri,2023,Monaco,62.0,100.276,INTERMEDIATE,9.0,2.0,1,False,25.06590909090909,39.25568181818182,45.86363636363637,1.005681818181818,0.1477272727272727
DEV,AlphaTauri,2023,Monaco,70.0,91.636,INTERMEDIATE,17.0,2.0,1,False,25.06590909090909,39.25568181818182,45.86363636363637,1.005681818181818,0.1477272727272727
DEV,AlphaTauri,2023,Monaco,54.0,107.858,INTERMEDIATE,1.0,2.0,12,False,25.06590909090909,39.25568181818182,45.86363636363637,1.005681818181818,0.1477272727272727
DEV,AlphaTauri,2023,Monaco,72.0,90.085,INTERMEDIATE,19.0,2.0,1,False,25.06590909090909,39.25568181818182,45.86363636363637,1.005681818181818,0.1477272727272727
DEV,AlphaTauri,2023,Monaco,65.0,96.475,INTERMEDIATE,12.0,2.0,1,False,25.06590909090909,39.25568181818182,45.86363636363637,1.005681818181818,0.1477272727272727
DEV,AlphaTauri,2023,Monaco,63.0,100.486,INTERMEDIATE,10.0,2.0,1,False,25.06590909090909,39.25568181818182,45.86363636363637,1.005681818181818,0.1477272727272727
DEV,AlphaTauri,2023,Monaco,67.0,94.011,INTERMEDIATE,14.0,2.0,1,False,25.06590909090909,39.25568181818182,45.86363636363637,1.005681818181818,0.1477272727272727
DEV,AlphaTauri,2023,Monaco,55.0,108.77,INTERMEDIATE,2.0,2.0,21,False,25.06590909090909,39.25568181818182,45.86363636363637,1.005681818181818,0.1477272727272727
DEV,AlphaTauri,2023,Monaco,75.0,86.435,INTERMEDIATE,22.0,2.0,1,False,25.06590909090909,39.25568181818182,45.86363636363637,1.005681818181818,0.1477272727272727
DEV,AlphaTauri,2023,Monaco,59.0,104.385,INTERMEDIATE,6.0,2.0,12,False,25.06590909090909,39.25568181818182,45.86363636363637,1.005681818181818,0.1477272727272727
DEV,AlphaTauri,2023,Monaco,56.0,104.129,INTERMEDIATE,3.0,2.0,1,False,25.06590909090909,39.25568181818182,45.86363636363637,1.005681818181818,0.1477272727272727
DEV,AlphaTauri,2023,Monaco,66.0,95.654,INTERMEDIATE,13.0,2.0,1,False,25.06590909090909,39.25568181818182,45.86363636363637,1.005681818181818,0.1477272727272727
DEV,AlphaTauri,2023,Monaco,69.0,91.939,INTERMEDIATE,16.0,2.0,1,False,25.06590909090909,39.25568181818182,45.86363636363637,1.005681818181818,0.1477272727272727
DEV,AlphaTauri,2023,Monaco,57.0,106.026,INTERMEDIATE,4.0,2.0,12,False,25.06590909090909,39.25568181818182,45.86363636363637,1.005681818181818,0.1477272727272727
DEV,AlphaTauri,2023,Monaco,58.0,103.778,INTERMEDIATE,5.0,2.0,21,False,25.06590909090909,39.25568181818182,45.86363636363637,1.005681818181818,0.1477272727272727
DEV,AlphaTauri,2023,Monaco,76.0,86.282,INTERMEDIATE,23.0,2.0,1,False,25.06590909090909,39.25568181818182,45.86363636363637,1.005681818181818,0.1477272727272727
DEV,AlphaTauri,2023,Monaco,71.0,90.107,INTERMEDIATE,18.0,2.0,1,False,25.06590909090909,39.25568181818182,45.86363636363637,1.005681818181818,0.1477272727272727
DEV,AlphaTauri,2023,Monaco,74.0,86.478,INTERMEDIATE,21.0,2.0,1,False,25.06590909090909,39.25568181818182,45.86363636363637,1.005681818181818,0.1477272727272727
DEV,AlphaTauri,2023,Monaco,77.0,88.038,INTERMEDIATE,24.0,2.0,1,False,25.06590909090909,39.25568181818182,45.86363636363637,1.005681818181818,0.1477272727272727
DEV,AlphaTauri,2023,Monaco,61.0,101.415,INTERMEDIATE,8.0,2.0,1,False,25.06590909090909,39.25568181818182,45.86363636363637,1.005681818181818,0.1477272727272727
DEV,AlphaTauri,2023,Monaco,64.0,98.636,INTERMEDIATE,11.0,2.0,1,False,25.06590909090909,39.25568181818182,45.86363636363637,1.005681818181818,0.1477272727272727
DEV,AlphaTauri,2023,Monaco,68.0,99.526,INTERMEDIATE,15.0,2.0,12,False,25.06590909090909,39.25568181818182,45.86363636363637,1.005681818181818,0.1477272727272727
DEV,AlphaTauri,2023,Monaco,73.0,87.595,INTERMEDIATE,20.0,2.0,1,False,25.06590909090909,39.25568181818182,45.86363636363637,1.005681818181818,0.1477272727272727
DEV,AlphaTauri,2023,Monaco,60.0,102.056,INTERMEDIATE,7.0,2.0,12,False,25.06590909090909,39.25568181818182,45.86363636363637,1.005681818181818,0.1477272727272727
DEV,AlphaTauri,2023,Monaco,20.0,79.188,MEDIUM,20.0,1.0,1,False,25.06590909090909,39.25568181818182,45.86363636363637,1.005681818181818,0.1477272727272727
DEV,AlphaTauri,2023,Monaco,42.0,77.814,MEDIUM,42.0,1.0,1,True,25.06590909090909,39.25568181818182,45.86363636363637,1.005681818181818,0.1477272727272727
DEV,AlphaTauri,2023,Monaco,48.0,77.608,MEDIUM,48.0,1.0,1,False,25.06590909090909,39.25568181818182,45.86363636363637,1.005681818181818,0.1477272727272727
DEV,AlphaTauri,2023,Monaco,13.0,79.419,MEDIUM,13.0,1.0,1,False,25.06590909090909,39.25568181818182,45.86363636363637,1.005681818181818,0.1477272727272727
DEV,AlphaTauri,2023,Monaco,44.0,77.646,MEDIUM,44.0,1.0,1,False,25.06590909090909,39.25568181818182,45.86363636363637,1.005681818181818,0.1477272727272727
DEV,AlphaTauri,2023,Monaco,6.0,79.224,MEDIUM,6.0,1.0,1,True,25.06590909090909,39.25568181818182,45.86363636363637,1.005681818181818,0.1477272727272727
DEV,AlphaTauri,2023,Monaco,18.0,79.281,MEDIUM,18.0,1.0,1,False,25.06590909090909,39.25568181818182,45.86363636363637,1.005681818181818,0.1477272727272727
DEV,AlphaTauri,2023,Monaco,51.0,84.546,MEDIUM,51.0,1.0,1,False,25.06590909090909,39.25568181818182,45.86363636363637,1.005681818181818,0.1477272727272727
DEV,AlphaTauri,2023,Monaco,4.0,80.376,MEDIUM,4.0,1.0,1,True,25.06590909090909,39.25568181818182,45.86363636363637,1.005681818181818,0.1477272727272727
DEV,AlphaTauri,2023,Monaco,33.0,79.071,MEDIUM,33.0,1.0,1,False,25.06590909090909,39.25568181818182,45.86363636363637,1.005681818181818,0.1477272727272727
DEV,AlphaTauri,2023,Monaco,14.0,79.479,MEDIUM,14.0,1.0,12,False,25.06590909090909,39.25568181818182,45.86363636363637,1.005681818181818,0.1477272727272727
DEV,AlphaTauri,2023,Monaco,9.0,79.454,MEDIUM,9.0,1.0,1,False,25.06590909090909,39.25568181818182,45.86363636363637,1.005681818181818,0.1477272727272727
DEV,AlphaTauri,2023,Monaco,27.0,80.154,MEDIUM,27.0,1.0,1,False,25.06590909090909,39.25568181818182,45.86363636363637,1.005681818181818,0.1477272727272727
DEV,AlphaTauri,2023,Monaco,7.0,79.038,MEDIUM,7.0,1.0,1,True,25.06590909090909,39.25568181818182,45.86363636363637,1.005681818181818,0.1477272727272727
DEV,AlphaTauri,2023,Monaco,35.0,80.911,MEDIUM,35.0,1.0,1,False,25.06590909090909,39.25568181818182,45.86363636363637,1.005681818181818,0.1477272727272727
DEV,AlphaTauri,2023,Monaco,5.0,79.79,MEDIUM,5.0,1.0,1,True,25.06590909090909,39.25568181818182,45.86363636363637,1.005681818181818,0.1477272727272727
DEV,AlphaTauri,2023,Monaco,38.0,78.75,MEDIUM,38.0,1.0,1,False,25.06590909090909,39.25568181818182,45.86363636363637,1.005681818181818,0.1477272727272727
DEV,AlphaTauri,2023,Monaco,25.0,80.132,MEDIUM,25.0,1.0,1,False,25.06590909090909,39.25568181818182,45.86363636363637,1.005681818181818,0.1477272727272727
DEV,AlphaTauri,2023,Monaco,45.0,77.746,MEDIUM,45.0,1.0,1,False,25.06590909090909,39.25568181818182,45.86363636363637,1.005681818181818,0.1477272727272727
DEV,AlphaTauri,2023,Monaco,34.0,79.328,MEDIUM,34.0,1.0,1,False,25.06590909090909,39.25568181818182,45.86363636363637,1.005681818181818,0.1477272727272727
DEV,AlphaTauri,2023,Monaco,50.0,78.497,MEDIUM,50.0,1.0,1,False,25.06590909090909,39.25568181818182,45.86363636363637,1.005681818181818,0.1477272727272727
DEV,AlphaTauri,2023,Monaco,16.0,79.004,MEDIUM,16.0,1.0,1,False,25.06590909090909,39.25568181818182,45.86363636363637,1.005681818181818,0.1477272727272727
DEV,AlphaTauri,2023,Monaco,10.0,78.957,MEDIUM,10.0,1.0,1,False,25.06590909090909,39.25568181818182,45.86363636363637,1.005681818181818,0.1477272727272727
DEV,AlphaTauri,2023,Monaco,17.0,79.182,MEDIUM,17.0,1.0,1,False,25.06590909090909,39.25568181818182,45.86363636363637,1.005681818181818,0.1477272727272727
DEV,AlphaTauri,2023,Monaco,31.0,79.067,MEDIUM,31.0,1.0,1,False,25.06590909090909,39.25568181818182,45.86363636363637,1.005681818181818,0.1477272727272727
DEV,AlphaTauri,2023,Monaco,37.0,79.096,MEDIUM,37.0,1.0,1,False,25.06590909090909,39.25568181818182,45.86363636363637,1.005681818181818,0.1477272727272727
DEV,AlphaTauri,2023,Monaco,26.0,80.163,MEDIUM,26.0,1.0,1,False,25.06590909090909,39.25568181818182,45.86363636363637,1.005681818181818,0.1477272727272727
DEV,AlphaTauri,2023,Monaco,12.0,80.182,MEDIUM,12.0,1.0,21,False,25.06590909090909,39.25568181818182,45.86363636363637,1.005681818181818,0.1477272727272727
DEV,AlphaTauri,2023,Monaco,1.0,93.449,MEDIUM,1.0,1.0,12,False,25.06590909090909,39.25568181818182,45.86363636363637,1.005681818181818,0.1477272727272727
DEV,AlphaTauri,2023,Monaco,47.0,77.579,MEDIUM,47.0,1.0,1,False,25.06590909090909,39.25568181818182,45.86363636363637,1.005681818181818,0.1477272727272727
DEV,AlphaTauri,2023,Monaco,28.0,79.973,MEDIUM,28.0,1.0,1,False,25.06590909090909,39.25568181818182,45.86363636363637,1.005681818181818,0.1477272727272727
DEV,AlphaTauri,2023,Monaco,32.0,78.941,MEDIUM,32.0,1.0,1,False,25.06590909090909,39.25568181818182,45.86363636363637,1.005681818181818,0.1477272727272727
DEV,AlphaTauri,2023,Monaco,40.0,78.413,MEDIUM,40.0,1.0,1,True,25.06590909090909,39.25568181818182,45.86363636363637,1.005681818181818,0.1477272727272727
DEV,AlphaTauri,2023,Monaco,30.0,79.267,MEDIUM,30.0,1.0,1,False,25.06590909090909,39.25568181818182,45.86363636363637,1.005681818181818,0.1477272727272727
DEV,AlphaTauri,2023,Monaco,46.0,77.785,MEDIUM,46.0,1.0,1,False,25.06590909090909,39.25568181818182,45.86363636363637,1.005681818181818,0.1477272727272727
DEV,AlphaTauri,2023,Monaco,2.0,81.764,MEDIUM,2.0,1.0,1,True,25.06590909090909,39.25568181818182,45.86363636363637,1.005681818181818,0.1477272727272727
DEV,AlphaTauri,2023,Monaco,22.0,79.578,MEDIUM,22.0,1.0,1,False,25.06590909090909,39.25568181818182,45.86363636363637,1.005681818181818,0.1477272727272727
DEV,AlphaTauri,2023,Monaco,3.0,80.58,MEDIUM,3.0,1.0,1,True,25.06590909090909,39.25568181818182,45.86363636363637,1.005681818181818,0.1477272727272727
DEV,AlphaTauri,2023,Monaco,41.0,78.207,MEDIUM,41.0,1.0,1,True,25.06590909090909,39.25568181818182,45.86363636363637,1.005681818181818,0.1477272727272727
DEV,AlphaTauri,2023,Monaco,36.0,79.072,MEDIUM,36.0,1.0,1,False,25.06590909090909,39.25568181818182,45.86363636363637,1.005681818181818,0.1477272727272727
GAS,Alpine,2023,Monaco,28.0,77.285,HARD,28.0,1.0,1,True,25.06590909090909,39.25568181818182,45.86363636363637,1.005681818181818,0.1477272727272727
GAS,Alpine,2023,Monaco,40.0,77.221,HARD,40.0,1.0,1,False,25.06590909090909,39.25568181818182,45.86363636363637,1.005681818181818,0.1477272727272727
GAS,Alpine,2023,Monaco,27.0,78.012,HARD,27.0,1.0,1,False,25.06590909090909,39.25568181818182,45.86363636363637,1.005681818181818,0.1477272727272727
GAS,Alpine,2023,Monaco,44.0,78.042,HARD,44.0,1.0,1,False,25.06590909090909,39.25568181818182,45.86363636363637,1.005681818181818,0.1477272727272727
GAS,Alpine,2023,Monaco,25.0,77.54,HARD,25.0,1.0,1,True,25.06590909090909,39.25568181818182,45.86363636363637,1.005681818181818,0.1477272727272727
GAS,Alpine,2023,Monaco,37.0,77.212,HARD,37.0,1.0,1,False,25.06590909090909,39.25568181818182,45.86363636363637,1.005681818181818,0.1477272727272727
GAS,Alpine,2023,Monaco,13.0,77.713,HARD,13.0,1.0,1,True,25.06590909090909,39.25568181818182,45.86363636363637,1.005681818181818,0.1477272727272727
GAS,Alpine,2023,Monaco,20.0,78.587,HARD,20.0,1.0,1,False,25.06590909090909,39.25568181818182,45.86363636363637,1.005681818181818,0.1477272727272727
GAS,Alpine,2023,Monaco,5.0,78.893,HARD,5.0,1.0,1,True,25.06590909090909,39.25568181818182,45.86363636363637,1.005681818181818,0.1477272727272727
GAS,Alpine,2023,Monaco,26.0,77.912,HARD,26.0,1.0,1,False,25.06590909090909,39.25568181818182,45.86363636363637,1.005681818181818,0.1477272727272727
GAS,Alpine,2023,Monaco,9.0,78.788,HARD,9.0,1.0,1,False,25.06590909090909,39.25568181818182,45.86363636363637,1.005681818181818,0.1477272727272727
GAS,Alpine,2023,Monaco,4.0,79.577,HARD,4.0,1.0,1,True,25.06590909090909,39.25568181818182,45.86363636363637,1.005681818181818,0.1477272727272727
GAS,Alpine,2023,Monaco,7.0,78.604,HARD,7.0,1.0,1,True,25.06590909090909,39.25568181818182,45.86363636363637,1.005681818181818,0.1477272727272727
GAS,Alpine,2023,Monaco,41.0,77.654,HARD,41.0,1.0,1,False,25.06590909090909,39.25568181818182,45.86363636363637,1.005681818181818,0.1477272727272727
GAS,Alpine,2023,Monaco,34.0,77.207,HARD,34.0,1.0,1,False,25.06590909090909,39.25568181818182,45.86363636363637,1.005681818181818,0.1477272727272727
GAS,Alpine,2023,Monaco,14.0,78.564,HARD,14.0,1.0,12,False,25.06590909090909,39.25568181818182,45.86363636363637,1.005681818181818,0.1477272727272727
GAS,Alpine,2023,Monaco,18.0,78.453,HARD,18.0,1.0,1,False,25.06590909090909,39.25568181818182,45.86363636363637,1.005681818181818,0.1477272727272727
GAS,Alpine,2023,Monaco,45.0,76.839,HARD,45.0,1.0,1,True,25.06590909090909,39.25568181818182,45.86363636363637,1.005681818181818,0.1477272727272727
GAS,Alpine,2023,Monaco,16.0,78.298,HARD,16.0,1.0,1,False,25.06590909090909,39.25568181818182,45.86363636363637,1.005681818181818,0.1477272727272727
GAS,Alpine,2023,Monaco,10.0,78.31,HARD,10.0,1.0,1,True,25.06590909090909,39.25568181818182,45.86363636363637,1.005681818181818,0.1477272727272727
GAS,Alpine,2023,Monaco,17.0,77.99,HARD,17.0,1.0,1,False,25.06590909090909,39.25568181818182,45.86363636363637,1.005681818181818,0.1477272727272727
GAS,Alpine,2023,Monaco,30.0,77.083,HARD,30.0,1.0,1,True,25.06590909090909,39.25568181818182,45.86363636363637,1.005681818181818,0.1477272727272727
GAS,Alpine,2023,Monaco,33.0,77.45,HARD,33.0,1.0,1,False,25.06590909090909,39.25568181818182,45.86363636363637,1.005681818181818,0.1477272727272727
GAS,Alpine,2023,Monaco,46.0,76.997,HARD,46.0,1.0,1,False,25.06590909090909,39.25568181818182,45.86363636363637,1.005681818181818,0.1477272727272727
GAS,Alpine,2023,Monaco,1.0,89.701,HARD,1.0,1.0,12,False,25.06590909090909,39.25568181818182,45.86363636363637,1.005681818181818,0.1477272727272727
GAS,Alpine,2023,Monaco,32.0,77.384,HARD,32.0,1.0,1,False,25.06590909090909,39.25568181818182,45.86363636363637,1.005681818181818,0.1477272727272727
GAS,Alpine,2023,Monaco,31.0,78.015,HARD,31.0,1.0,1,False,25.06590909090909,39.25568181818182,45.86363636363637,1.005681818181818,0.1477272727272727
GAS,Alpine,2023,Monaco,6.0,78.842,HARD,6.0,1.0,1,True,25.06590909090909,39.25568181818182,45.86363636363637,1.005681818181818,0.1477272727272727
GAS,Alpine,2023,Monaco,12.0,78.582,HARD,12.0,1.0,12,False,25.06590909090909,39.25568181818182,45.86363636363637,1.005681818181818,0.1477272727272727
GAS,Alpine,2023,Monaco,35.0,77.421,HARD,35.0,1.0,1,False,25.06590909090909,39.25568181818182,45.86363636363637,1.005681818181818,0.1477272727272727
GAS,Alpine,2023,Monaco,2.0,80.636,HARD,2.0,1.0,1,True,25.06590909090909,39.25568181818182,45.86363636363637,1.005681818181818,0.1477272727272727
GAS,Alpine,2023,Monaco,42.0,78.559,HARD,42.0,1.0,1,False,25.06590909090909,39.25568181818182,45.86363636363637,1.005681818181818,0.1477272727272727
GAS,Alpine,2023,Monaco,22.0,78.213,HARD,22.0,1.0,1,False,25.06590909090909,39.25568181818182,45.86363636363637,1.005681818181818,0.1477272727272727
GAS,Alpine,2023,Monaco,3.0,80.282,HARD,3.0,1.0,1,True,25.06590909090909,39.25568181818182,45.86363636363637,1.005681818181818,0.1477272727272727
GAS,Alpine,2023,Monaco,36.0,77.668,HARD,36.0,1.0,1,False,25.06590909090909,39.25568181818182,45.86363636363637,1.005681818181818,0.1477272727272727
GAS,Alpine,2023,Monaco,24.0,77.577,HARD,24.0,1.0,1,True,25.06590909090909,39.25568181818182,45.86363636363637,1.005681818181818,0.1477272727272727
GAS,Alpine,2023,Monaco,38.0,77.556,HARD,38.0,1.0,1,False,25.06590909090909,39.25568181818182,45.86363636363637,1.005681818181818,0.1477272727272727
GAS,Alpine,2023,Monaco,11.0,78.367,HARD,11.0,1.0,1,False,25.06590909090909,39.25568181818182,45.86363636363637,1.005681818181818,0.1477272727272727
GAS,Alpine,2023,Monaco,23.0,77.942,HARD,23.0,1.0,1,False,25.06590909090909,39.25568181818182,45.86363636363637,1.005681818181818,0.1477272727272727
GAS,Alpine,2023,Monaco,19.0,78.109,HARD,19.0,1.0,1,False,25.06590909090909,39.25568181818182,45.86363636363637,1.005681818181818,0.1477272727272727
GAS,Alpine,2023,Monaco,63.0,100.28,INTERMEDIATE,9.0,3.0,1,False,25.06590909090909,39.25568181818182,45.86363636363637,1.005681818181818,0.1477272727272727
GAS,Alpine,2023,Monaco,71.0,90.098,INTERMEDIATE,17.0,3.0,1,False,25.06590909090909,39.25568181818182,45.86363636363637,1.005681818181818,0.1477272727272727
GAS,Alpine,2023,Monaco,55.0,103.22,INTERMEDIATE,1.0,3.0,21,False,25.06590909090909,39.25568181818182,45.86363636363637,1.005681818181818,0.1477272727272727
GAS,Alpine,2023,Monaco,73.0,88.128,INTERMEDIATE,19.0,3.0,1,False,25.06590909090909,39.25568181818182,45.86363636363637,1.005681818181818,0.1477272727272727
GAS,Alpine,2023,Monaco,66.0,96.252,INTERMEDIATE,12.0,3.0,1,False,25.06590909090909,39.25568181818182,45.86363636363637,1.005681818181818,0.1477272727272727
GAS,Alpine,2023,Monaco,64.0,99.374,INTERMEDIATE,10.0,3.0,1,False,25.06590909090909,39.25568181818182,45.86363636363637,1.005681818181818,0.1477272727272727
GAS,Alpine,2023,Monaco,68.0,93.318,INTERMEDIATE,14.0,3.0,12,False,25.06590909090909,39.25568181818182,45.86363636363637,1.005681818181818,0.1477272727272727
GAS,Alpine,2023,Monaco,56.0,101.478,INTERMEDIATE,2.0,3.0,21,False,25.06590909090909,39.25568181818182,45.86363636363637,1.005681818181818,0.1477272727272727
GAS,Alpine,2023,Monaco,76.0,86.077,INTERMEDIATE,22.0,3.0,1,False,25.06590909090909,39.25568181818182,45.86363636363637,1.005681818181818,0.1477272727272727
GAS,Alpine,2023,Monaco,60.0,102.923,INTERMEDIATE,6.0,3.0,21,False,25.06590909090909,39.25568181818182,45.86363636363637,1.005681818181818,0.1477272727272727
GAS,Alpine,2023,Monaco,57.0,103.496,INTERMEDIATE,3.0,3.0,1,False,25.06590909090909,39.25568181818182,45.86363636363637,1.005681818181818,0.1477272727272727
GAS,Alpine,2023,Monaco,67.0,94.612,INTERMEDIATE,13.0,3.0,1,False,25.06590909090909,39.25568181818182,45.86363636363637,1.005681818181818,0.1477272727272727
GAS,Alpine,2023,Monaco,70.0,91.098,INTERMEDIATE,16.0,3.0,1,False,25.06590909090909,39.25568181818182,45.86363636363637,1.005681818181818,0.1477272727272727
GAS,Alpine,2023,Monaco,58.0,103.238,INTERMEDIATE,4.0,3.0,12,False,25.06590909090909,39.25568181818182,45.86363636363637,1.005681818181818,0.1477272727272727
GAS,Alpine,2023,Monaco,59.0,103.477,INTERMEDIATE,5.0,3.0,12,False,25.06590909090909,39.25568181818182,45.86363636363637,1.005681818181818,0.1477272727272727
GAS,Alpine,2023,Monaco,77.0,85.607,INTERMEDIATE,23.0,3.0,1,False,25.06590909090909,39.25568181818182,45.86363636363637,1.005681818181818,0.1477272727272727
GAS,Alpine,2023,Monaco,72.0,89.916,INTERMEDIATE,18.0,3.0,1,False,25.06590909090909,39.25568181818182,45.86363636363637,1.005681818181818,0.1477272727272727
GAS,Alpine,2023,Monaco,75.0,86.378,INTERMEDIATE,21.0,3.0,1,False,25.06590909090909,39.25568181818182,45.86363636363637,1.005681818181818,0.1477272727272727
GAS,Alpine,2023,Monaco,78.0,86.578,INTERMEDIATE,24.0,3.0,1,False,25.06590909090909,39.25568181818182,45.86363636363637,1.005681818181818,0.1477272727272727
GAS,Alpine,2023,Monaco,62.0,100.864,INTERMEDIATE,8.0,3.0,1,False,25.06590909090909,39.25568181818182,45.86363636363637,1.005681818181818,0.1477272727272727
GAS,Alpine,2023,Monaco,65.0,98.169,INTERMEDIATE,11.0,3.0,1,False,25.06590909090909,39.25568181818182,45.86363636363637,1.005681818181818,0.1477272727272727
GAS,Alpine,2023,Monaco,69.0,96.097,INTERMEDIATE,15.0,3.0,21,False,25.06590909090909,39.25568181818182,45.86363636363637,1.005681818181818,0.1477272727272727
GAS,Alpine,2023,Monaco,74.0,87.856,INTERMEDIATE,20.0,3.0,1,False,25.06590909090909,39.25568181818182,45.86363636363637,1.005681818181818,0.1477272727272727
GAS,Alpine,2023,Monaco,61.0,102.263,INTERMEDIATE,7.0,3.0,12,False,25.06590909090909,39.25568181818182,45.86363636363637,1.005681818181818,0.1477272727272727
GAS,Alpine,2023,Monaco,48.0,79.884,MEDIUM,1.0,2.0,1,False,25.06590909090909,39.25568181818182,45.86363636363637,1.005681818181818,0.1477272727272727
GAS,Alpine,2023,Monaco,49.0,75.831,MEDIUM,2.0,2.0,1,True,25.06590909090909,39.25568181818182,45.86363636363637,1.005681818181818,0.1477272727272727
GAS,Alpine,2023,Monaco,53.0,95.781,MEDIUM,6.0,2.0,1,False,25.06590909090909,39.25568181818182,45.86363636363637,1.005681818181818,0.1477272727272727
GAS,Alpine,2023,Monaco,50.0,75.955,MEDIUM,3.0,2.0,1,False,25.06590909090909,39.25568181818182,45.86363636363637,1.005681818181818,0.1477272727272727
GAS,Alpine,2023,Monaco,52.0,82.349,MEDIUM,5.0,2.0,1,False,25.06590909090909,39.25568181818182,45.86363636363637,1.005681818181818,0.1477272727272727
GAS,Alpine,2023,Monaco,51.0,76.711,MEDIUM,4.0,2.0,1,False,25.06590909090909,39.25568181818182,45.86363636363637,1.005681818181818,0.1477272727272727
GAS,Alpine,2023,Monaco,54.0,121.097,MEDIUM,7.0,2.0,12,False,25.06590909090909,39.25568181818182,45.86363636363637,1.005681818181818,0.1477272727272727
HAM,Mercedes,2023,Monaco,47.0,76.257,HARD,16.0,2.0,1,False,25.06590909090909,39.25568181818182,45.86363636363637,1.005681818181818,0.1477272727272727
HAM,Mercedes,2023,Monaco,41.0,76.588,HARD,10.0,2.0,1,False,25.06590909090909,39.25568181818182,45.86363636363637,1.005681818181818,0.1477272727272727
HAM,Mercedes,2023,Monaco,32.0,78.165,HARD,1.0,2.0,1,False,25.06590909090909,39.25568181818182,45.86363636363637,1.005681818181818,0.1477272727272727
HAM,Mercedes,2023,Monaco,40.0,76.962,HARD,9.0,2.0,1,False,25.06590909090909,39.25568181818182,45.86363636363637,1.005681818181818,0.1477272727272727
HAM,Mercedes,2023,Monaco,49.0,76.781,HARD,18.0,2.0,1,False,25.06590909090909,39.25568181818182,45.86363636363637,1.005681818181818,0.1477272727272727
HAM,Mercedes,2023,Monaco,44.0,76.88,HARD,13.0,2.0,1,False,25.06590909090909,39.25568181818182,45.86363636363637,1.005681818181818,0.1477272727272727
HAM,Mercedes,2023,Monaco,33.0,75.65,HARD,2.0,2.0,1,True,25.06590909090909,39.25568181818182,45.86363636363637,1.005681818181818,0.1477272727272727
HAM,Mercedes,2023,Monaco,45.0,78.833,HARD,14.0,2.0,1,False,25.06590909090909,39.25568181818182,45.86363636363637,1.005681818181818,0.1477272727272727
HAM,Mercedes,2023,Monaco,37.0,77.711,HARD,6.0,2.0,1,False,25.06590909090909,39.25568181818182,45.86363636363637,1.005681818181818,0.1477272727272727
HAM,Mercedes,2023,Monaco,34.0,78.357,HARD,3.0,2.0,1,False,25.06590909090909,39.25568181818182,45.86363636363637,1.005681818181818,0.1477272727272727
HAM,Mercedes,2023,Monaco,43.0,76.529,HARD,12.0,2.0,1,False,25.06590909090909,39.25568181818182,45.86363636363637,1.005681818181818,0.1477272727272727
HAM,Mercedes,2023,Monaco,52.0,86.237,HARD,21.0,2.0,1,False,25.06590909090909,39.25568181818182,45.86363636363637,1.005681818181818,0.1477272727272727
HAM,Mercedes,2023,Monaco,35.0,77.159,HARD,4.0,2.0,1,False,25.06590909090909,39.25568181818182,45.86363636363637,1.005681818181818,0.1477272727272727
HAM,Mercedes,2023,Monaco,36.0,77.688,HARD,5.0,2.0,1,False,25.06590909090909,39.25568181818182,45.86363636363637,1.005681818181818,0.1477272727272727
HAM,Mercedes,2023,Monaco,50.0,77.11,HARD,19.0,2.0,1,False,25.06590909090909,39.25568181818182,45.86363636363637,1.005681818181818,0.1477272727272727
HAM,Mercedes,2023,Monaco,48.0,76.86,HARD,17.0,2.0,1,False,25.06590909090909,39.25568181818182,45.86363636363637,1.005681818181818,0.1477272727272727
HAM,Mercedes,2023,Monaco,53.0,91.341,HARD,22.0,2.0,1,False,25.06590909090909,39.25568181818182,45.86363636363637,1.005681818181818,0.1477272727272727
HAM,Mercedes,2023,Monaco,54.0,115.141,HARD,23.0,2.0,1,False,25.06590909090909,39.25568181818182,45.86363636363637,1.005681818181818,0.1477272727272727
HAM,Mercedes,2023,Monaco,39.0,77.293,HARD,8.0,2.0,1,False,25.06590909090909,39.25568181818182,45.86363636363637,1.005681818181818,0.1477272727272727
HAM,Mercedes,2023,Monaco,42.0,76.58,HARD,11.0,2.0,1,False,25.06590909090909,39.25568181818182,45.86363636363637,1.005681818181818,0.1477272727272727
HAM,Mercedes,2023,Monaco,46.0,76.85,HARD,15.0,2.0,1,False,25.06590909090909,39.25568181818182,45.86363636363637,1.005681818181818,0.1477272727272727
HAM,Mercedes,2023,Monaco,51.0,78.294,HARD,20.0,2.0,1,False,25.06590909090909,39.25568181818182,45.86363636363637,1.005681818181818,0.1477272727272727
HAM,Mercedes,2023,Monaco,38.0,77.167,HARD,7.0,2.0,1,False,25.06590909090909,39.25568181818182,45.86363636363637,1.005681818181818,0.1477272727272727
HAM,Mercedes,2023,Monaco,63.0,101.315,INTERMEDIATE,9.0,3.0,1,False,25.06590909090909,39.25568181818182,45.86363636363637,1.005681818181818,0.1477272727272727
HAM,Mercedes,2023,Monaco,71.0,89.667,INTERMEDIATE,17.0,3.0,1,False,25.06590909090909,39.25568181818182,45.86363636363637,1.005681818181818,0.1477272727272727
HAM,Mercedes,2023,Monaco,55.0,99.603,INTERMEDIATE,1.0,3.0,12,False,25.06590909090909,39.25568181818182,45.86363636363637,1.005681818181818,0.1477272727272727
HAM,Mercedes,2023,Monaco,73.0,87.735,INTERMEDIATE,19.0,3.0,1,False,25.06590909090909,39.25568181818182,45.86363636363637,1.005681818181818,0.1477272727272727
HAM,Mercedes,2023,Monaco,66.0,96.203,INTERMEDIATE,12.0,3.0,1,False,25.06590909090909,39.25568181818182,45.86363636363637,1.005681818181818,0.1477272727272727
HAM,Mercedes,2023,Monaco,64.0,98.957,INTERMEDIATE,10.0,3.0,1,False,25.06590909090909,39.25568181818182,45.86363636363637,1.005681818181818,0.1477272727272727
HAM,Mercedes,2023,Monaco,68.0,92.866,INTERMEDIATE,14.0,3.0,1,False,25.06590909090909,39.25568181818182,45.86363636363637,1.005681818181818,0.1477272727272727
HAM,Mercedes,2023,Monaco,56.0,101.277,INTERMEDIATE,2.0,3.0,21,False,25.06590909090909,39.25568181818182,45.86363636363637,1.005681818181818,0.1477272727272727
HAM,Mercedes,2023,Monaco,76.0,84.651,INTERMEDIATE,22.0,3.0,1,False,25.06590909090909,39.25568181818182,45.86363636363637,1.005681818181818,0.1477272727272727
HAM,Mercedes,2023,Monaco,60.0,103.041,INTERMEDIATE,6.0,3.0,12,False,25.06590909090909,39.25568181818182,45.86363636363637,1.005681818181818,0.1477272727272727
HAM,Mercedes,2023,Monaco,57.0,103.278,INTERMEDIATE,3.0,3.0,1,False,25.06590909090909,39.25568181818182,45.86363636363637,1.005681818181818,0.1477272727272727
HAM,Mercedes,2023,Monaco,67.0,94.539,INTERMEDIATE,13.0,3.0,1,False,25.06590909090909,39.25568181818182,45.86363636363637,1.005681818181818,0.1477272727272727
HAM,Mercedes,2023,Monaco,70.0,89.68,INTERMEDIATE,16.0,3.0,1,False,25.06590909090909,39.25568181818182,45.86363636363637,1.005681818181818,0.1477272727272727
HAM,Mercedes,2023,Monaco,58.0,103.378,INTERMEDIATE,4.0,3.0,12,False,25.06590909090909,39.25568181818182,45.86363636363637,1.005681818181818,0.1477272727272727
HAM,Mercedes,2023,Monaco,59.0,105.199,INTERMEDIATE,5.0,3.0,21,False,25.06590909090909,39.25568181818182,45.86363636363637,1.005681818181818,0.1477272727272727
HAM,Mercedes,2023,Monaco,77.0,86.21,INTERMEDIATE,23.0,3.0,1,False,25.06590909090909,39.25568181818182,45.86363636363637,1.005681818181818,0.1477272727272727
HAM,Mercedes,2023,Monaco,72.0,89.415,INTERMEDIATE,18.0,3.0,1,False,25.06590909090909,39.25568181818182,45.86363636363637,1.005681818181818,0.1477272727272727
HAM,Mercedes,2023,Monaco,75.0,85.242,INTERMEDIATE,21.0,3.0,1,False,25.06590909090909,39.25568181818182,45.86363636363637,1.005681818181818,0.1477272727272727
HAM,Mercedes,2023,Monaco,78.0,85.105,INTERMEDIATE,24.0,3.0,1,False,25.06590909090909,39.25568181818182,45.86363636363637,1.005681818181818,0.1477272727272727
HAM,Mercedes,2023,Monaco,62.0,102.287,INTERMEDIATE,8.0,3.0,1,False,25.06590909090909,39.25568181818182,45.86363636363637,1.005681818181818,0.1477272727272727
HAM,Mercedes,2023,Monaco,65.0,97.636,INTERMEDIATE,11.0,3.0,1,False,25.06590909090909,39.25568181818182,45.86363636363637,1.005681818181818,0.1477272727272727
HAM,Mercedes,2023,Monaco,69.0,93.757,INTERMEDIATE,15.0,3.0,12,False,25.06590909090909,39.25568181818182,45.86363636363637,1.005681818181818,0.1477272727272727
HAM,Mercedes,2023,Monaco,74.0,86.304,INTERMEDIATE,20.0,3.0,1,False,25.06590909090909,39.25568181818182,45.86363636363637,1.005681818181818,0.1477272727272727
HAM,Mercedes,2023,Monaco,61.0,102.396,INTERMEDIATE,7.0,3.0,12,False,25.06590909090909,39.25568181818182,45.86363636363637,1.005681818181818,0.1477272727272727
HAM,Mercedes,2023,Monaco,28.0,77.334,MEDIUM,28.0,1.0,1,False,25.06590909090909,39.25568181818182,45.86363636363637,1.005681818181818,0.1477272727272727
HAM,Mercedes,2023,Monaco,16.0,78.31,MEDIUM,16.0,1.0,1,False,25.06590909090909,39.25568181818182,45.86363636363637,1.005681818181818,0.1477272727272727
HAM,Mercedes,2023,Monaco,24.0,77.431,MEDIUM,24.0,1.0,1,False,25.06590909090909,39.25568181818182,45.86363636363637,1.005681818181818,0.1477272727272727
HAM,Mercedes,2023,Monaco,18.0,78.37,MEDIUM,18.0,1.0,1,False,25.06590909090909,39.25568181818182,45.86363636363637,1.005681818181818,0.1477272727272727
HAM,Mercedes,2023,Monaco,9.0,78.829,MEDIUM,9.0,1.0,1,False,25.06590909090909,39.25568181818182,45.86363636363637,1.005681818181818,0.1477272727272727
HAM,Mercedes,2023,Monaco,10.0,78.173,MEDIUM,10.0,1.0,1,True,25.06590909090909,39.25568181818182,45.86363636363637,1.005681818181818,0.1477272727272727
HAM,Mercedes,2023,Monaco,30.0,77.742,MEDIUM,30.0,1.0,1,False,25.06590909090909,39.25568181818182,45.86363636363637,1.005681818181818,0.1477272727272727
HAM,Mercedes,2023,Monaco,25.0,77.643,MEDIUM,25.0,1.0,1,False,25.06590909090909,39.25568181818182,45.86363636363637,1.005681818181818,0.1477272727272727
HAM,Mercedes,2023,Monaco,13.0,78.084,MEDIUM,13.0,1.0,1,False,25.06590909090909,39.25568181818182,45.86363636363637,1.005681818181818,0.1477272727272727
HAM,Mercedes,2023,Monaco,1.0,88.585,MEDIUM,1.0,1.0,12,False,25.06590909090909,39.25568181818182,45.86363636363637,1.005681818181818,0.1477272727272727
HAM,Mercedes,2023,Monaco,5.0,78.736,MEDIUM,5.0,1.0,1,True,25.06590909090909,39.25568181818182,45.86363636363637,1.005681818181818,0.1477272727272727
HAM,Mercedes,2023,Monaco,17.0,78.254,MEDIUM,17.0,1.0,1,False,25.06590909090909,39.25568181818182,45.86363636363637,1.005681818181818,0.1477272727272727
HAM,Mercedes,2023,Monaco,6.0,78.958,MEDIUM,6.0,1.0,1,False,25.06590909090909,39.25568181818182,45.86363636363637,1.005681818181818,0.1477272727272727
HAM,Mercedes,2023,Monaco,14.0,78.422,MEDIUM,14.0,1.0,12,False,25.06590909090909,39.25568181818182,45.86363636363637,1.005681818181818,0.1477272727272727
HAM,Mercedes,2023,Monaco,12.0,78.23,MEDIUM,12.0,1.0,12,False,25.06590909090909,39.25568181818182,45.86363636363637,1.005681818181818,0.1477272727272727
HAM,Mercedes,2023,Monaco,23.0,78.053,MEDIUM,23.0,1.0,1,False,25.06590909090909,39.25568181818182,45.86363636363637,1.005681818181818,0.1477272727272727
HAM,Mercedes,2023,Monaco,2.0,80.527,MEDIUM,2.0,1.0,1,True,25.06590909090909,39.25568181818182,45.86363636363637,1.005681818181818,0.1477272727272727
HAM,Mercedes,2023,Monaco,3.0,80.105,MEDIUM,3.0,1.0,1,True,25.06590909090909,39.25568181818182,45.86363636363637,1.005681818181818,0.1477272727272727
HAM,Mercedes,2023,Monaco,26.0,77.716,MEDIUM,26.0,1.0,1,False,25.06590909090909,39.25568181818182,45.86363636363637,1.005681818181818,0.1477272727272727
HAM,Mercedes,2023,Monaco,4.0,79.356,MEDIUM,4.0,1.0,1,True,25.06590909090909,39.25568181818182,45.86363636363637,1.005681818181818,0.1477272727272727
HAM,Mercedes,2023,Monaco,22.0,77.393,MEDIUM,22.0,1.0,1,True,25.06590909090909,39.25568181818182,45.86363636363637,1.005681818181818,0.1477272727272727
HAM,Mercedes,2023,Monaco,27.0,77.322,MEDIUM,27.0,1.0,1,True,25.06590909090909,39.25568181818182,45.86363636363637,1.005681818181818,0.1477272727272727
HAM,Mercedes,2023,Monaco,19.0,78.207,MEDIUM,19.0,1.0,1,False,25.06590909090909,39.25568181818182,45.86363636363637,1.005681818181818,0.1477272727272727
HAM,Mercedes,2023,Monaco,31.0,95.467,MEDIUM,31.0,1.0,1,False,25.06590909090909,39.25568181818182,45.86363636363637,1.005681818181818,0.1477272727272727
HAM,Mercedes,2023,Monaco,21.0,78.311,MEDIUM,21.0,1.0,1,False,25.06590909090909,39.25568181818182,45.86363636363637,1.005681818181818,0.1477272727272727
HAM,Mercedes,2023,Monaco,8.0,79.051,MEDIUM,8.0,1.0,1,False,25.06590909090909,39.25568181818182,45.86363636363637,1.005681818181818,0.1477272727272727
HAM,Mercedes,2023,Monaco,11.0,77.926,MEDIUM,11.0,1.0,1,True,25.06590909090909,39.25568181818182,45.86363636363637,1.005681818181818,0.1477272727272727
HAM,Mercedes,2023,Monaco,15.0,78.189,MEDIUM,15.0,1.0,1,False,25.06590909090909,39.25568181818182,45.86363636363637,1.005681818181818,0.1477272727272727
HAM,Mercedes,2023,Monaco,29.0,77.372,MEDIUM,29.0,1.0,1,False,25.06590909090909,39.25568181818182,45.86363636363637,1.005681818181818,0.1477272727272727
HAM,Mercedes,2023,Monaco,20.0,78.121,MEDIUM,20.0,1.0,1,False,25.06590909090909,39.25568181818182,45.86363636363637,1.005681818181818,0.1477272727272727
HAM,Mercedes,2023,Monaco,7.0,78.651,MEDIUM,7.0,1.0,1,True,25.06590909090909,39.25568181818182,45.86363636363637,1.005681818181818,0.1477272727272727
HUL,Haas F1 Team,2023,Monaco,21.0,77.201,HARD,20.0,2.0,1,False,25.06590909090909,39.25568181818182,45.86363636363637,1.005681818181818,0.1477272727272727
HUL,Haas F1 Team,2023,Monaco,43.0,78.991,HARD,42.0,2.0,1,False,25.06590909090909,39.25568181818182,45.86363636363637,1.005681818181818,0.1477272727272727
HUL,Haas F1 Team,2023,Monaco,49.0,79.036,HARD,48.0,2.0,1,False,25.06590909090909,39.25568181818182,45.86363636363637,1.005681818181818,0.1477272727272727
HUL,Haas F1 Team,2023,Monaco,14.0,81.254,HARD,13.0,2.0,12,False,25.06590909090909,39.25568181818182,45.86363636363637,1.005681818181818,0.1477272727272727
HUL,Haas F1 Team,2023,Monaco,45.0,78.751,HARD,44.0,2.0,1,False,25.06590909090909,39.25568181818182,45.86363636363637,1.005681818181818,0.1477272727272727
HUL,Haas F1 Team,2023,Monaco,7.0,77.333,HARD,6.0,2.0,1,False,25.06590909090909,39.25568181818182,45.86363636363637,1.005681818181818,0.1477272727272727
HUL,Haas F1 Team,2023,Monaco,19.0,79.836,HARD,18.0,2.0,1,False,25.06590909090909,39.25568181818182,45.86363636363637,1.005681818181818,0.1477272727272727
HUL,Haas F1 Team,2023,Monaco,52.0,91.149,HARD,51.0,2.0,1,False,25.06590909090909,39.25568181818182,45.86363636363637,1.005681818181818,0.1477272727272727
HUL,Haas F1 Team,2023,Monaco,5.0,77.045,HARD,4.0,2.0,1,True,25.06590909090909,39.25568181818182,45.86363636363637,1.005681818181818,0.1477272727272727
HUL,Haas F1 Team,2023,Monaco,34.0,80.956,HARD,33.0,2.0,1,False,25.06590909090909,39.25568181818182,45.86363636363637,1.005681818181818,0.1477272727272727
HUL,Haas F1 Team,2023,Monaco,15.0,80.972,HARD,14.0,2.0,1,False,25.06590909090909,39.25568181818182,45.86363636363637,1.005681818181818,0.1477272727272727
HUL,Haas F1 Team,2023,Monaco,10.0,78.028,HARD,9.0,2.0,1,False,25.06590909090909,39.25568181818182,45.86363636363637,1.005681818181818,0.1477272727272727
HUL,Haas F1 Team,2023,Monaco,28.0,79.589,HARD,27.0,2.0,1,False,25.06590909090909,39.25568181818182,45.86363636363637,1.005681818181818,0.1477272727272727
HUL,Haas F1 Team,2023,Monaco,8.0,77.237,HARD,7.0,2.0,1,False,25.06590909090909,39.25568181818182,45.86363636363637,1.005681818181818,0.1477272727272727
HUL,Haas F1 Team,2023,Monaco,36.0,79.148,HARD,35.0,2.0,1,False,25.06590909090909,39.25568181818182,45.86363636363637,1.005681818181818,0.1477272727272727
HUL,Haas F1 Team,2023,Monaco,6.0,76.991,HARD,5.0,2.0,1,True,25.06590909090909,39.25568181818182,45.86363636363637,1.005681818181818,0.1477272727272727
HUL,Haas F1 Team,2023,Monaco,39.0,78.557,HARD,38.0,2.0,1,False,25.06590909090909,39.25568181818182,45.86363636363637,1.005681818181818,0.1477272727272727
HUL,Haas F1 Team,2023,Monaco,26.0,78.664,HARD,25.0,2.0,1,False,25.06590909090909,39.25568181818182,45.86363636363637,1.005681818181818,0.1477272727272727
HUL,Haas F1 Team,2023,Monaco,46.0,78.608,HARD,45.0,2.0,1,False,25.06590909090909,39.25568181818182,45.86363636363637,1.005681818181818,0.1477272727272727
HUL,Haas F1 Team,2023,Monaco,35.0,78.327,HARD,34.0,2.0,1,False,25.06590909090909,39.25568181818182,45.86363636363637,1.005681818181818,0.1477272727272727
HUL,Haas F1 Team,2023,Monaco,51.0,88.292,HARD,50.0,2.0,1,False,25.06590909090909,39.25568181818182,45.86363636363637,1.005681818181818,0.1477272727272727
HUL,Haas F1 Team,2023,Monaco,17.0,80.171,HARD,16.0,2.0,1,False,25.06590909090909,39.25568181818182,45.86363636363637,1.005681818181818,0.1477272727272727
HUL,Haas F1 Team,2023,Monaco,11.0,79.596,HARD,10.0,2.0,12,False,25.06590909090909,39.25568181818182,45.86363636363637,1.005681818181818,0.1477272727272727
HUL,Haas F1 Team,2023,Monaco,18.0,81.166,HARD,17.0,2.0,1,False,25.06590909090909,39.25568181818182,45.86363636363637,1.005681818181818,0.1477272727272727
HUL,Haas F1 Team,2023,Monaco,32.0,79.708,HARD,31.0,2.0,1,False,25.06590909090909,39.25568181818182,45.86363636363637,1.005681818181818,0.1477272727272727
HUL,Haas F1 Team,2023,Monaco,38.0,78.602,HARD,37.0,2.0,1,False,25.06590909090909,39.25568181818182,45.86363636363637,1.005681818181818,0.1477272727272727
HUL,Haas F1 Team,2023,Monaco,27.0,78.956,HARD,26.0,2.0,1,False,25.06590909090909,39.25568181818182,45.86363636363637,1.005681818181818,0.1477272727272727
HUL,Haas F1 Team,2023,Monaco,13.0,80.824,HARD,12.0,2.0,1,False,25.06590909090909,39.25568181818182,45.86363636363637,1.005681818181818,0.1477272727272727
HUL,Haas F1 Team,2023,Monaco,2.0,80.434,HARD,1.0,2.0,1,False,25.06590909090909,39.25568181818182,45.86363636363637,1.005681818181818,0.1477272727272727
HUL,Haas F1 Team,2023,Monaco,48.0,78.789,HARD,47.0,2.0,1,False,25.06590909090909,39.25568181818182,45.86363636363637,1.005681818181818,0.1477272727272727
HUL,Haas F1 Team,2023,Monaco,29.0,81.412,HARD,28.0,2.0,1,False,25.06590909090909,39.25568181818182,45.86363636363637,1.005681818181818,0.1477272727272727
HUL,Haas F1 Team,2023,Monaco,33.0,81.348,HARD,32.0,2.0,1,False,25.06590909090909,39.25568181818182,45.86363636363637,1.005681818181818,0.1477272727272727
HUL,Haas F1 Team,2023,Monaco,41.0,78.606,HARD,40.0,2.0,1,False,25.06590909090909,39.25568181818182,45.86363636363637,1.005681818181818,0.1477272727272727
HUL,Haas F1 Team,2023,Monaco,31.0,79.756,HARD,30.0,2.0,1,False,25.06590909090909,39.25568181818182,45.86363636363637,1.005681818181818,0.1477272727272727
HUL,Haas F1 Team,2023,Monaco,47.0,78.857,HARD,46.0,2.0,1,False,25.06590909090909,39.25568181818182,45.86363636363637,1.005681818181818,0.1477272727272727
HUL,Haas F1 Team,2023,Monaco,3.0,77.221,HARD,2.0,2.0,1,True,25.06590909090909,39.25568181818182,45.86363636363637,1.005681818181818,0.1477272727272727
HUL,Haas F1 Team,2023,Monaco,23.0,78.009,HARD,22.0,2.0,1,False,25.06590909090909,39.25568181818182,45.86363636363637,1.005681818181818,0.1477272727272727
HUL,Haas F1 Team,2023,Monaco,4.0,77.148,HARD,3.0,2.0,1,True,25.06590909090909,39.25568181818182,45.86363636363637,1.005681818181818,0.1477272727272727
HUL,Haas F1 Team,2023,Monaco,42.0,78.838,HARD,41.0,2.0,1,False,25.06590909090909,39.25568181818182,45.86363636363637,1.005681818181818,0.1477272727272727
HUL,Haas F1 Team,2023,Monaco,37.0,79.009,HARD,36.0,2.0,1,False,25.06590909090909,39.25568181818182,45.86363636363637,1.005681818181818,0.1477272727272727
HUL,Haas F1 Team,2023,Monaco,56.0,103.79,INTERMEDIATE,2.0,3.0,1,False,25.06590909090909,39.25568181818182,45.86363636363637,1.005681818181818,0.1477272727272727
HUL,Haas F1 Team,2023,Monaco,59.0,119.463,INTERMEDIATE,5.0,3.0,21,False,25.06590909090909,39.25568181818182,45.86363636363637,1.005681818181818,0.1477272727272727
HUL,Haas F1 Team,2023,Monaco,57.0,102.598,INTERMEDIATE,3.0,3.0,12,False,25.06590909090909,39.25568181818182,45.86363636363637,1.005681818181818,0.1477272727272727
HUL,Haas F1 Team,2023,Monaco,55.0,104.22,INTERMEDIATE,1.0,3.0,21,False,25.06590909090909,39.25568181818182,45.86363636363637,1.005681818181818,0.1477272727272727
HUL,Haas F1 Team,2023,Monaco,58.0,102.188,INTERMEDIATE,4.0,3.0,12,False,25.06590909090909,39.25568181818182,45.86363636363637,1.005681818181818,0.1477272727272727
HUL,Haas F1 Team,2023,Monaco,1.0,120.092,MEDIUM,1.0,1.0,12,False,25.06590909090909,39.25568181818182,45.86363636363637,1.005681818181818,0.1477272727272727
HUL,Haas F1 Team,2023,Monaco,60.0,102.782,WET,1.0,4.0,12,False,25.06590909090909,39.25568181818182,45.86363636363637,1.005681818181818,0.1477272727272727
HUL,Haas F1 Team,2023,Monaco,61.0,99.565,WET,2.0,4.0,1,False,25.06590909090909,39.25568181818182,45.86363636363637,1.005681818181818,0.1477272727272727
HUL,Haas F1 Team,2023,Monaco,65.0,96.647,WET,6.0,4.0,1,False,25.06590909090909,39.25568181818182,45.86363636363637,1.005681818181818,0.1477272727272727
HUL,Haas F1 Team,2023,Monaco,75.0,94.146,WET,16.0,4.0,1,False,25.06590909090909,39.25568181818182,45.86363636363637,1.005681818181818,0.1477272727272727
HUL,Haas F1 Team,2023,Monaco,71.0,93.744,WET,12.0,4.0,1,False,25.06590909090909,39.25568181818182,45.86363636363637,1.005681818181818,0.1477272727272727
HUL,Haas F1 Team,2023,Monaco,74.0,94.924,WET,15.0,4.0,1,False,25.06590909090909,39.25568181818182,45.86363636363637,1.005681818181818,0.1477272727272727
HUL,Haas F1 Team,2023,Monaco,68.0,96.655,WET,9.0,4.0,21,False,25.06590909090909,39.25568181818182,45.86363636363637,1.005681818181818,0.1477272727272727
HUL,Haas F1 Team,2023,Monaco,73.0,93.111,WET,14.0,4.0,1,False,25.06590909090909,39.25568181818182,45.86363636363637,1.005681818181818,0.1477272727272727
HUL,Haas F1 Team,2023,Monaco,62.0,98.291,WET,3.0,4.0,1,False,25.06590909090909,39.25568181818182,45.86363636363637,1.005681818181818,0.1477272727272727
HUL,Haas F1 Team,2023,Monaco,69.0,95.297,WET,10.0,4.0,1,False,25.06590909090909,39.25568181818182,45.86363636363637,1.005681818181818,0.1477272727272727
HUL,Haas F1 Team,2023,Monaco,76.0,90.26,WET,17.0,4.0,1,False,25.06590909090909,39.25568181818182,45.86363636363637,1.005681818181818,0.1477272727272727
HUL,Haas F1 Team,2023,Monaco,64.0,97.628,WET,5.0,4.0,1,False,25.06590909090909,39.25568181818182,45.86363636363637,1.005681818181818,0.1477272727272727
HUL,Haas F1 Team,2023,Monaco,67.0,95.656,WET,8.0,4.0,12,False,25.06590909090909,39.25568181818182,45.86363636363637,1.005681818181818,0.1477272727272727
HUL,Haas F1 Team,2023,Monaco,70.0,100.947,WET,11.0,4.0,1,False,25.06590909090909,39.25568181818182,45.86363636363637,1.005681818181818,0.1477272727272727
HUL,Haas F1 Team,2023,Monaco,72.0,92.994,WET,13.0,4.0,1,False,25.06590909090909,39.25568181818182,45.86363636363637,1.005681818181818,0.1477272727272727
HUL,Haas F1 Team,2023,Monaco,63.0,97.973,WET,4.0,4.0,1,False,25.06590909090909,39.25568181818182,45.86363636363637,1.005681818181818,0.1477272727272727
HUL,Haas F1 Team,2023,Monaco,66.0,96.301,WET,7.0,4.0,1,False,25.06590909090909,39.25568181818182,45.86363636363637,1.005681818181818,0.1477272727272727
LEC,Ferrari,2023,Monaco,38.0,77.483,HARD,38.0,1.0,1,False,25.06590909090909,39.25568181818182,45.86363636363637,1.005681818181818,0.1477272727272727
LEC,Ferrari,2023,Monaco,25.0,77.619,HARD,25.0,1.0,1,False,25.06590909090909,39.25568181818182,45.86363636363637,1.005681818181818,0.1477272727272727
LEC,Ferrari,2023,Monaco,26.0,77.879,HARD,26.0,1.0,1,False,25.06590909090909,39.25568181818182,45.86363636363637,1.005681818181818,0.1477272727272727
LEC,Ferrari,2023,Monaco,37.0,77.361,HARD,37.0,1.0,1,False,25.06590909090909,39.25568181818182,45.86363636363637,1.005681818181818,0.1477272727272727
LEC,Ferrari,2023,Monaco,35.0,77.467,HARD,35.0,1.0,1,False,25.06590909090909,39.25568181818182,45.86363636363637,1.005681818181818,0.1477272727272727
LEC,Ferrari,2023,Monaco,41.0,78.328,HARD,41.0,1.0,1,False,25.06590909090909,39.25568181818182,45.86363636363637,1.005681818181818,0.1477272727272727
LEC,Ferrari,2023,Monaco,5.0,78.837,HARD,5.0,1.0,1,True,25.06590909090909,39.25568181818182,45.86363636363637,1.005681818181818,0.1477272727272727
LEC,Ferrari,2023,Monaco,13.0,78.018,HARD,13.0,1.0,1,True,25.06590909090909,39.25568181818182,45.86363636363637,1.005681818181818,0.1477272727272727
LEC,Ferrari,2023,Monaco,9.0,78.809,HARD,9.0,1.0,1,False,25.06590909090909,39.25568181818182,45.86363636363637,1.005681818181818,0.1477272727272727
LEC,Ferrari,2023,Monaco,4.0,79.468,HARD,4.0,1.0,1,True,25.06590909090909,39.25568181818182,45.86363636363637,1.005681818181818,0.1477272727272727
LEC,Ferrari,2023,Monaco,7.0,78.645,HARD,7.0,1.0,1,True,25.06590909090909,39.25568181818182,45.86363636363637,1.005681818181818,0.1477272727272727
LEC,Ferrari,2023,Monaco,28.0,77.48,HARD,28.0,1.0,1,True,25.06590909090909,39.25568181818182,45.86363636363637,1.005681818181818,0.1477272727272727
LEC,Ferrari,2023,Monaco,32.0,77.282,HARD,32.0,1.0,1,False,25.06590909090909,39.25568181818182,45.86363636363637,1.005681818181818,0.1477272727272727
LEC,Ferrari,2023,Monaco,20.0,78.365,HARD,20.0,1.0,1,False,25.06590909090909,39.25568181818182,45.86363636363637,1.005681818181818,0.1477272727272727
LEC,Ferrari,2023,Monaco,18.0,78.361,HARD,18.0,1.0,1,False,25.06590909090909,39.25568181818182,45.86363636363637,1.005681818181818,0.1477272727272727
LEC,Ferrari,2023,Monaco,14.0,78.394,HARD,14.0,1.0,12,False,25.06590909090909,39.25568181818182,45.86363636363637,1.005681818181818,0.1477272727272727
LEC,Ferrari,2023,Monaco,42.0,77.801,HARD,42.0,1.0,1,False,25.06590909090909,39.25568181818182,45.86363636363637,1.005681818181818,0.1477272727272727
LEC,Ferrari,2023,Monaco,16.0,78.316,HARD,16.0,1.0,1,False,25.06590909090909,39.25568181818182,45.86363636363637,1.005681818181818,0.1477272727272727
LEC,Ferrari,2023,Monaco,10.0,78.219,HARD,10.0,1.0,1,True,25.06590909090909,39.25568181818182,45.86363636363637,1.005681818181818,0.1477272727272727
LEC,Ferrari,2023,Monaco,17.0,78.234,HARD,17.0,1.0,1,False,25.06590909090909,39.25568181818182,45.86363636363637,1.005681818181818,0.1477272727272727
LEC,Ferrari,2023,Monaco,31.0,77.876,HARD,31.0,1.0,1,False,25.06590909090909,39.25568181818182,45.86363636363637,1.005681818181818,0.1477272727272727
LEC,Ferrari,2023,Monaco,27.0,77.602,HARD,27.0,1.0,1,False,25.06590909090909,39.25568181818182,45.86363636363637,1.005681818181818,0.1477272727272727
LEC,Ferrari,2023,Monaco,1.0,89.108,HARD,1.0,1.0,12,False,25.06590909090909,39.25568181818182,45.86363636363637,1.005681818181818,0.1477272727272727
LEC,Ferrari,2023,Monaco,30.0,77.559,HARD,30.0,1.0,1,False,25.06590909090909,39.25568181818182,45.86363636363637,1.005681818181818,0.1477272727272727
LEC,Ferrari,2023,Monaco,43.0,78.451,HARD,43.0,1.0,1,False,25.06590909090909,39.25568181818182,45.86363636363637,1.005681818181818,0.1477272727272727
LEC,Ferrari,2023,Monaco,6.0,78.829,HARD,6.0,1.0,1,True,25.06590909090909,39.25568181818182,45.86363636363637,1.005681818181818,0.1477272727272727
LEC,Ferrari,2023,Monaco,12.0,78.15,HARD,12.0,1.0,12,True,25.06590909090909,39.25568181818182,45.86363636363637,1.005681818181818,0.1477272727272727
LEC,Ferrari,2023,Monaco,33.0,77.163,HARD,33.0,1.0,1,False,25.06590909090909,39.25568181818182,45.86363636363637,1.005681818181818,0.1477272727272727
LEC,Ferrari,2023,Monaco,2.0,80.549,HARD,2.0,1.0,1,True,25.06590909090909,39.25568181818182,45.86363636363637,1.005681818181818,0.1477272727272727
LEC,Ferrari,2023,Monaco,40.0,77.237,HARD,40.0,1.0,1,False,25.06590909090909,39.25568181818182,45.86363636363637,1.005681818181818,0.1477272727272727
LEC,Ferrari,2023,Monaco,22.0,77.886,HARD,22.0,1.0,1,True,25.06590909090909,39.25568181818182,45.86363636363637,1.005681818181818,0.1477272727272727
LEC,Ferrari,2023,Monaco,3.0,80.021,HARD,3.0,1.0,1,True,25.06590909090909,39.25568181818182,45.86363636363637,1.005681818181818,0.1477272727272727
LEC,Ferrari,2023,Monaco,34.0,77.461,HARD,34.0,1.0,1,False,25.06590909090909,39.25568181818182,45.86363636363637,1.005681818181818,0.1477272727272727
LEC,Ferrari,2023,Monaco,24.0,77.586,HARD,24.0,1.0,1,True,25.06590909090909,39.25568181818182,45.86363636363637,1.005681818181818,0.1477272727272727
LEC,Ferrari,2023,Monaco,36.0,77.491,HARD,36.0,1.0,1,False,25.06590909090909,39.25568181818182,45.86363636363637,1.005681818181818,0.1477272727272727
LEC,Ferrari,2023,Monaco,11.0,78.162,HARD,11.0,1.0,1,True,25.06590909090909,39.25568181818182,45.86363636363637,1.005681818181818,0.1477272727272727
LEC,Ferrari,2023,Monaco,23.0,77.922,HARD,23.0,1.0,1,False,25.06590909090909,39.25568181818182,45.86363636363637,1.005681818181818,0.1477272727272727
LEC,Ferrari,2023,Monaco,19.0,78.19,HARD,19.0,1.0,1,False,25.06590909090909,39.25568181818182,45.86363636363637,1.005681818181818,0.1477272727272727
LEC,Ferrari,2023,Monaco,44.0,95.442,HARD,44.0,1.0,1,False,25.06590909090909,39.25568181818182,45.86363636363637,1.005681818181818,0.1477272727272727
LEC,Ferrari,2023,Monaco,21.0,78.127,HARD,21.0,1.0,1,False,25.06590909090909,39.25568181818182,45.86363636363637,1.005681818181818,0.1477272727272727
LEC,Ferrari,2023,Monaco,71.0,90.198,INTERMEDIATE,16.0,3.0,1,False,25.06590909090909,39.25568181818182,45.86363636363637,1.005681818181818,0.1477272727272727
LEC,Ferrari,2023,Monaco,65.0,98.481,INTERMEDIATE,10.0,3.0,1,False,25.06590909090909,39.25568181818182,45.86363636363637,1.005681818181818,0.1477272727272727
LEC,Ferrari,2023,Monaco,56.0,103.008,INTERMEDIATE,1.0,3.0,21,False,25.06590909090909,39.25568181818182,45.86363636363637,1.005681818181818,0.1477272727272727
LEC,Ferrari,2023,Monaco,64.0,99.223,INTERMEDIATE,9.0,3.0,1,False,25.06590909090909,39.25568181818182,45.86363636363637,1.005681818181818,0.1477272727272727
LEC,Ferrari,2023,Monaco,73.0,89.177,INTERMEDIATE,18.0,3.0,1,False,25.06590909090909,39.25568181818182,45.86363636363637,1.005681818181818,0.1477272727272727
LEC,Ferrari,2023,Monaco,68.0,93.903,INTERMEDIATE,13.0,3.0,12,False,25.06590909090909,39.25568181818182,45.86363636363637,1.005681818181818,0.1477272727272727
LEC,Ferrari,2023,Monaco,57.0,103.373,INTERMEDIATE,2.0,3.0,1,False,25.06590909090909,39.25568181818182,45.86363636363637,1.005681818181818,0.1477272727272727
LEC,Ferrari,2023,Monaco,69.0,95.087,INTERMEDIATE,14.0,3.0,21,False,25.06590909090909,39.25568181818182,45.86363636363637,1.005681818181818,0.1477272727272727
LEC,Ferrari,2023,Monaco,61.0,102.262,INTERMEDIATE,6.0,3.0,12,False,25.06590909090909,39.25568181818182,45.86363636363637,1.005681818181818,0.1477272727272727
LEC,Ferrari,2023,Monaco,58.0,103.473,INTERMEDIATE,3.0,3.0,12,False,25.06590909090909,39.25568181818182,45.86363636363637,1.005681818181818,0.1477272727272727
LEC,Ferrari,2023,Monaco,67.0,94.515,INTERMEDIATE,12.0,3.0,1,False,25.06590909090909,39.25568181818182,45.86363636363637,1.005681818181818,0.1477272727272727
LEC,Ferrari,2023,Monaco,76.0,86.435,INTERMEDIATE,21.0,3.0,1,False,25.06590909090909,39.25568181818182,45.86363636363637,1.005681818181818,0.1477272727272727
LEC,Ferrari,2023,Monaco,59.0,102.305,INTERMEDIATE,4.0,3.0,12,False,25.06590909090909,39.25568181818182,45.86363636363637,1.005681818181818,0.1477272727272727
LEC,Ferrari,2023,Monaco,60.0,102.852,INTERMEDIATE,5.0,3.0,21,False,25.06590909090909,39.25568181818182,45.86363636363637,1.005681818181818,0.1477272727272727
LEC,Ferrari,2023,Monaco,74.0,87.848,INTERMEDIATE,19.0,3.0,1,False,25.06590909090909,39.25568181818182,45.86363636363637,1.005681818181818,0.1477272727272727
LEC,Ferrari,2023,Monaco,72.0,88.677,INTERMEDIATE,17.0,3.0,1,False,25.06590909090909,39.25568181818182,45.86363636363637,1.005681818181818,0.1477272727272727
LEC,Ferrari,2023,Monaco,77.0,85.965,INTERMEDIATE,22.0,3.0,1,False,25.06590909090909,39.25568181818182,45.86363636363637,1.005681818181818,0.1477272727272727
LEC,Ferrari,2023,Monaco,78.0,86.939,INTERMEDIATE,23.0,3.0,1,False,25.06590909090909,39.25568181818182,45.86363636363637,1.005681818181818,0.1477272727272727
LEC,Ferrari,2023,Monaco,63.0,100.396,INTERMEDIATE,8.0,3.0,1,False,25.06590909090909,39.25568181818182,45.86363636363637,1.005681818181818,0.1477272727272727
LEC,Ferrari,2023,Monaco,66.0,95.05,INTERMEDIATE,11.0,3.0,1,False,25.06590909090909,39.25568181818182,45.86363636363637,1.005681818181818,0.1477272727272727
LEC,Ferrari,2023,Monaco,70.0,92.309,INTERMEDIATE,15.0,3.0,1,False,25.06590909090909,39.25568181818182,45.86363636363637,1.005681818181818,0.1477272727272727
LEC,Ferrari,2023,Monaco,75.0,86.923,INTERMEDIATE,20.0,3.0,1,False,25.06590909090909,39.25568181818182,45.86363636363637,1.005681818181818,0.1477272727272727
LEC,Ferrari,2023,Monaco,62.0,101.144,INTERMEDIATE,7.0,3.0,1,False,25.06590909090909,39.25568181818182,45.86363636363637,1.005681818181818,0.1477272727272727
LEC,Ferrari,2023,Monaco,50.0,75.956,MEDIUM,6.0,2.0,1,False,25.06590909090909,39.25568181818182,45.86363636363637,1.005681818181818,0.1477272727272727
LEC,Ferrari,2023,Monaco,45.0,79.563,MEDIUM,1.0,2.0,1,False,25.06590909090909,39.25568181818182,45.86363636363637,1.005681818181818,0.1477272727272727
LEC,Ferrari,2023,Monaco,54.0,95.725,MEDIUM,10.0,2.0,1,False,25.06590909090909,39.25568181818182,45.86363636363637,1.005681818181818,0.1477272727272727
LEC,Ferrari,2023,Monaco,55.0,129.246,MEDIUM,11.0,2.0,12,False,25.06590909090909,39.25568181818182,45.86363636363637,1.005681818181818,0.1477272727272727
LEC,Ferrari,2023,Monaco,47.0,76.358,MEDIUM,3.0,2.0,1,False,25.06590909090909,39.25568181818182,45.86363636363637,1.005681818181818,0.1477272727272727
LEC,Ferrari,2023,Monaco,46.0,75.773,MEDIUM,2.0,2.0,1,True,25.06590909090909,39.25568181818182,45.86363636363637,1.005681818181818,0.1477272727272727
LEC,Ferrari,2023,Monaco,53.0,93.259,MEDIUM,9.0,2.0,1,False,25.06590909090909,39.25568181818182,45.86363636363637,1.005681818181818,0.1477272727272727
LEC,Ferrari,2023,Monaco,49.0,76.283,MEDIUM,5.0,2.0,1,False,25.06590909090909,39.25568181818182,45.86363636363637,1.005681818181818,0.1477272727272727
LEC,Ferrari,2023,Monaco,52.0,83.243,MEDIUM,8.0,2.0,1,False,25.06590909090909,39.25568181818182,45.86363636363637,1.005681818181818,0.1477272727272727
LEC,Ferrari,2023,Monaco,48.0,76.971,MEDIUM,4.0,2.0,1,False,25.06590909090909,39.25568181818182,45.86363636363637,1.005681818181818,0.1477272727272727
LEC,Ferrari,2023,Monaco,51.0,77.017,MEDIUM,7.0,2.0,1,False,25.06590909090909,39.25568181818182,45.86363636363637,1.005681818181818,0.1477272727272727
MAG,Haas F1 Team,2023,Monaco,32.0,81.543,HARD,32.0,1.0,1,False,25.06590909090909,39.25568181818182,45.86363636363637,1.005681818181818,0.1477272727272727
MAG,Haas F1 Team,2023,Monaco,6.0,79.352,HARD,6.0,1.0,1,True,25.06590909090909,39.25568181818182,45.86363636363637,1.005681818181818,0.1477272727272727
MAG,Haas F1 Team,2023,Monaco,33.0,80.882,HARD,33.0,1.0,1,False,25.06590909090909,39.25568181818182,45.86363636363637,1.005681818181818,0.1477272727272727
MAG,Haas F1 Team,2023,Monaco,14.0,80.328,HARD,14.0,1.0,12,False,25.06590909090909,39.25568181818182,45.86363636363637,1.005681818181818,0.1477272727272727
MAG,Haas F1 Team,2023,Monaco,20.0,78.354,HARD,20.0,1.0,1,True,25.06590909090909,39.25568181818182,45.86363636363637,1.005681818181818,0.1477272727272727
MAG,Haas F1 Team,2023,Monaco,50.0,80.301,HARD,50.0,1.0,1,False,25.06590909090909,39.25568181818182,45.86363636363637,1.005681818181818,0.1477272727272727
MAG,Haas F1 Team,2023,Monaco,42.0,78.63,HARD,42.0,1.0,1,False,25.06590909090909,39.25568181818182,45.86363636363637,1.005681818181818,0.1477272727272727
MAG,Haas F1 Team,2023,Monaco,27.0,79.849,HARD,27.0,1.0,1,False,25.06590909090909,39.25568181818182,45.86363636363637,1.005681818181818,0.1477272727272727
MAG,Haas F1 Team,2023,Monaco,44.0,78.447,HARD,44.0,1.0,1,False,25.06590909090909,39.25568181818182,45.86363636363637,1.005681818181818,0.1477272727272727
MAG,Haas F1 Team,2023,Monaco,13.0,80.886,HARD,13.0,1.0,1,False,25.06590909090909,39.25568181818182,45.86363636363637,1.005681818181818,0.1477272727272727
MAG,Haas F1 Team,2023,Monaco,53.0,98.955,HARD,53.0,1.0,1,False,25.06590909090909,39.25568181818182,45.86363636363637,1.005681818181818,0.1477272727272727
MAG,Haas F1 Team,2023,Monaco,4.0,80.407,HARD,4.0,1.0,1,False,25.06590909090909,39.25568181818182,45.86363636363637,1.005681818181818,0.1477272727272727
MAG,Haas F1 Team,2023,Monaco,34.0,78.747,HARD,34.0,1.0,1,False,25.06590909090909,39.25568181818182,45.86363636363637,1.005681818181818,0.1477272727272727
MAG,Haas F1 Team,2023,Monaco,35.0,79.274,HARD,35.0,1.0,1,False,25.06590909090909,39.25568181818182,45.86363636363637,1.005681818181818,0.1477272727272727
MAG,Haas F1 Team,2023,Monaco,9.0,78.914,HARD,9.0,1.0,1,True,25.06590909090909,39.25568181818182,45.86363636363637,1.005681818181818,0.1477272727272727
MAG,Haas F1 Team,2023,Monaco,18.0,78.727,HARD,18.0,1.0,1,True,25.06590909090909,39.25568181818182,45.86363636363637,1.005681818181818,0.1477272727272727
MAG,Haas F1 Team,2023,Monaco,7.0,79.512,HARD,7.0,1.0,1,False,25.06590909090909,39.25568181818182,45.86363636363637,1.005681818181818,0.1477272727272727
MAG,Haas F1 Team,2023,Monaco,5.0,80.224,HARD,5.0,1.0,1,False,25.06590909090909,39.25568181818182,45.86363636363637,1.005681818181818,0.1477272727272727
MAG,Haas F1 Team,2023,Monaco,48.0,78.745,HARD,48.0,1.0,1,False,25.06590909090909,39.25568181818182,45.86363636363637,1.005681818181818,0.1477272727272727
MAG,Haas F1 Team,2023,Monaco,28.0,79.768,HARD,28.0,1.0,1,False,25.06590909090909,39.25568181818182,45.86363636363637,1.005681818181818,0.1477272727272727
MAG,Haas F1 Team,2023,Monaco,47.0,78.685,HARD,47.0,1.0,1,False,25.06590909090909,39.25568181818182,45.86363636363637,1.005681818181818,0.1477272727272727
MAG,Haas F1 Team,2023,Monaco,46.0,78.384,HARD,46.0,1.0,1,False,25.06590909090909,39.25568181818182,45.86363636363637,1.005681818181818,0.1477272727272727
MAG,Haas F1 Team,2023,Monaco,54.0,110.776,HARD,54.0,1.0,12,False,25.06590909090909,39.25568181818182,45.86363636363637,1.005681818181818,0.1477272727272727
MAG,Haas F1 Team,2023,Monaco,16.0,80.464,HARD,16.0,1.0,1,False,25.06590909090909,39.25568181818182,45.86363636363637,1.005681818181818,0.1477272727272727
MAG,Haas F1 Team,2023,Monaco,10.0,79.929,HARD,10.0,1.0,1,False,25.06590909090909,39.25568181818182,45.86363636363637,1.005681818181818,0.1477272727272727
MAG,Haas F1 Team,2023,Monaco,17.0,79.206,HARD,17.0,1.0,1,False,25.06590909090909,39.25568181818182,45.86363636363637,1.005681818181818,0.1477272727272727
MAG,Haas F1 Team,2023,Monaco,25.0,78.694,HARD,25.0,1.0,1,False,25.06590909090909,39.25568181818182,45.86363636363637,1.005681818181818,0.1477272727272727
MAG,Haas F1 Team,2023,Monaco,31.0,79.276,HARD,31.0,1.0,1,False,25.06590909090909,39.25568181818182,45.86363636363637,1.005681818181818,0.1477272727272727
MAG,Haas F1 Team,2023,Monaco,38.0,78.498,HARD,38.0,1.0,1,False,25.06590909090909,39.25568181818182,45.86363636363637,1.005681818181818,0.1477272727272727
MAG,Haas F1 Team,2023,Monaco,26.0,79.023,HARD,26.0,1.0,1,False,25.06590909090909,39.25568181818182,45.86363636363637,1.005681818181818,0.1477272727272727
MAG,Haas F1 Team,2023,Monaco,12.0,80.487,HARD,12.0,1.0,21,False,25.06590909090909,39.25568181818182,45.86363636363637,1.005681818181818,0.1477272727272727
MAG,Haas F1 Team,2023,Monaco,1.0,98.425,HARD,1.0,1.0,12,False,25.06590909090909,39.25568181818182,45.86363636363637,1.005681818181818,0.1477272727272727
MAG,Haas F1 Team,2023,Monaco,49.0,78.854,HARD,49.0,1.0,1,False,25.06590909090909,39.25568181818182,45.86363636363637,1.005681818181818,0.1477272727272727
MAG,Haas F1 Team,2023,Monaco,37.0,78.849,HARD,37.0,1.0,1,False,25.06590909090909,39.25568181818182,45.86363636363637,1.005681818181818,0.1477272727272727
MAG,Haas F1 Team,2023,Monaco,30.0,79.753,HARD,30.0,1.0,1,False,25.06590909090909,39.25568181818182,45.86363636363637,1.005681818181818,0.1477272727272727
MAG,Haas F1 Team,2023,Monaco,41.0,78.351,HARD,41.0,1.0,1,True,25.06590909090909,39.25568181818182,45.86363636363637,1.005681818181818,0.1477272727272727
MAG,Haas F1 Team,2023,Monaco,2.0,80.175,HARD,2.0,1.0,1,True,25.06590909090909,39.25568181818182,45.86363636363637,1.005681818181818,0.1477272727272727
MAG,Haas F1 Team,2023,Monaco,22.0,78.767,HARD,22.0,1.0,1,False,25.06590909090909,39.25568181818182,45.86363636363637,1.005681818181818,0.1477272727272727
MAG,Haas F1 Team,2023,Monaco,3.0,79.929,HARD,3.0,1.0,1,True,25.06590909090909,39.25568181818182,45.86363636363637,1.005681818181818,0.1477272727272727
MAG,Haas F1 Team,2023,Monaco,51.0,85.595,HARD,51.0,1.0,1,False,25.06590909090909,39.25568181818182,45.86363636363637,1.005681818181818,0.1477272727272727
MAG,Haas F1 Team,2023,Monaco,66.0,97.778,WET,10.0,2.0,12,False,25.06590909090909,39.25568181818182,45.86363636363637,1.005681818181818,0.1477272727272727
MAG,Haas F1 Team,2023,Monaco,68.0,103.925,WET,12.0,2.0,1,False,25.06590909090909,39.25568181818182,45.86363636363637,1.005681818181818,0.1477272727272727
MAG,Haas F1 Team,2023,Monaco,57.0,108.018,WET,1.0,2.0,21,False,25.06590909090909,39.25568181818182,45.86363636363637,1.005681818181818,0.1477272727272727
MAG,Haas F1 Team,2023,Monaco,69.0,99.407,WET,13.0,2.0,1,False,25.06590909090909,39.25568181818182,45.86363636363637,1.005681818181818,0.1477272727272727
MAG,Haas F1 Team,2023,Monaco,62.0,99.789,WET,6.0,2.0,1,False,25.06590909090909,39.25568181818182,45.86363636363637,1.005681818181818,0.1477272727272727
MAG,Haas F1 Team,2023,Monaco,65.0,100.703,WET,9.0,2.0,1,False,25.06590909090909,39.25568181818182,45.86363636363637,1.005681818181818,0.1477272727272727
MAG,Haas F1 Team,2023,Monaco,59.0,103.755,WET,3.0,2.0,12,False,25.06590909090909,39.25568181818182,45.86363636363637,1.005681818181818,0.1477272727272727
MAG,Haas F1 Team,2023,Monaco,58.0,146.648,WET,2.0,2.0,12,False,25.06590909090909,39.25568181818182,45.86363636363637,1.005681818181818,0.1477272727272727
MAG,Haas F1 Team,2023,Monaco,70.0,101.853,WET,14.0,2.0,1,False,25.06590909090909,39.25568181818182,45.86363636363637,1.005681818181818,0.1477272727272727
MAG,Haas F1 Team,2023,Monaco,61.0,101.219,WET,5.0,2.0,1,False,25.06590909090909,39.25568181818182,45.86363636363637,1.005681818181818,0.1477272727272727
MAG,Haas F1 Team,2023,Monaco,64.0,99.995,WET,8.0,2.0,1,False,25.06590909090909,39.25568181818182,45.86363636363637,1.005681818181818,0.1477272727272727
MAG,Haas F1 Team,2023,Monaco,67.0,100.088,WET,11.0,2.0,1,False,25.06590909090909,39.25568181818182,45.86363636363637,1.005681818181818,0.1477272727272727
MAG,Haas F1 Team,2023,Monaco,60.0,100.559,WET,4.0,2.0,1,False,25.06590909090909,39.25568181818182,45.86363636363637,1.005681818181818,0.1477272727272727
MAG,Haas F1 Team,2023,Monaco,63.0,100.016,WET,7.0,2.0,1,False,25.06590909090909,39.25568181818182,45.86363636363637,1.005681818181818,0.1477272727272727
NOR,McLaren,2023,Monaco,52.0,88.675,HARD,2.0,2.0,1,False,25.06590909090909,39.25568181818182,45.86363636363637,1.005681818181818,0.1477272727272727
NOR,McLaren,2023,Monaco,54.0,132.003,HARD,4.0,2.0,12,False,25.06590909090909,39.25568181818182,45.86363636363637,1.005681818181818,0.1477272727272727
NOR,McLaren,2023,Monaco,51.0,87.706,HARD,1.0,2.0,1,False,25.06590909090909,39.25568181818182,45.86363636363637,1.005681818181818,0.1477272727272727
NOR,McLaren,2023,Monaco,53.0,92.162,HARD,3.0,2.0,1,False,25.06590909090909,39.25568181818182,45.86363636363637,1.005681818181818,0.1477272727272727
NOR,McLaren,2023,Monaco,70.0,88.512,INTERMEDIATE,16.0,3.0,1,False,25.06590909090909,39.25568181818182,45.86363636363637,1.005681818181818,0.1477272727272727
NOR,McLaren,2023,Monaco,64.0,98.75,INTERMEDIATE,10.0,3.0,1,False,25.06590909090909,39.25568181818182,45.86363636363637,1.005681818181818,0.1477272727272727
NOR,McLaren,2023,Monaco,55.0,103.38,INTERMEDIATE,1.0,3.0,21,False,25.06590909090909,39.25568181818182,45.86363636363637,1.005681818181818,0.1477272727272727
NOR,McLaren,2023,Monaco,63.0,98.511,INTERMEDIATE,9.0,3.0,1,False,25.06590909090909,39.25568181818182,45.86363636363637,1.005681818181818,0.1477272727272727
NOR,McLaren,2023,Monaco,72.0,85.959,INTERMEDIATE,18.0,3.0,1,False,25.06590909090909,39.25568181818182,45.86363636363637,1.005681818181818,0.1477272727272727
NOR,McLaren,2023,Monaco,67.0,92.417,INTERMEDIATE,13.0,3.0,1,False,25.06590909090909,39.25568181818182,45.86363636363637,1.005681818181818,0.1477272727272727
NOR,McLaren,2023,Monaco,56.0,100.384,INTERMEDIATE,2.0,3.0,1,False,25.06590909090909,39.25568181818182,45.86363636363637,1.005681818181818,0.1477272727272727
NOR,McLaren,2023,Monaco,68.0,91.037,INTERMEDIATE,14.0,3.0,12,False,25.06590909090909,39.25568181818182,45.86363636363637,1.005681818181818,0.1477272727272727
NOR,McLaren,2023,Monaco,60.0,101.789,INTERMEDIATE,6.0,3.0,12,False,25.06590909090909,39.25568181818182,45.86363636363637,1.005681818181818,0.1477272727272727
NOR,McLaren,2023,Monaco,57.0,100.421,INTERMEDIATE,3.0,3.0,12,False,25.06590909090909,39.25568181818182,45.86363636363637,1.005681818181818,0.1477272727272727
NOR,McLaren,2023,Monaco,66.0,96.981,INTERMEDIATE,12.0,3.0,1,False,25.06590909090909,39.25568181818182,45.86363636363637,1.005681818181818,0.1477272727272727
NOR,McLaren,2023,Monaco,75.0,85.278,INTERMEDIATE,21.0,3.0,1,False,25.06590909090909,39.25568181818182,45.86363636363637,1.005681818181818,0.1477272727272727
NOR,McLaren,2023,Monaco,58.0,102.13,INTERMEDIATE,4.0,3.0,12,False,25.06590909090909,39.25568181818182,45.86363636363637,1.005681818181818,0.1477272727272727
NOR,McLaren,2023,Monaco,59.0,101.216,INTERMEDIATE,5.0,3.0,12,False,25.06590909090909,39.25568181818182,45.86363636363637,1.005681818181818,0.1477272727272727
NOR,McLaren,2023,Monaco,73.0,85.767,INTERMEDIATE,19.0,3.0,1,False,25.06590909090909,39.25568181818182,45.86363636363637,1.005681818181818,0.1477272727272727
NOR,McLaren,2023,Monaco,71.0,88.373,INTERMEDIATE,17.0,3.0,1,False,25.06590909090909,39.25568181818182,45.86363636363637,1.005681818181818,0.1477272727272727
NOR,McLaren,2023,Monaco,76.0,85.767,INTERMEDIATE,22.0,3.0,1,False,25.06590909090909,39.25568181818182,45.86363636363637,1.005681818181818,0.1477272727272727
NOR,McLaren,2023,Monaco,77.0,86.888,INTERMEDIATE,23.0,3.0,1,False,25.06590909090909,39.25568181818182,45.86363636363637,1.005681818181818,0.1477272727272727
NOR,McLaren,2023,Monaco,62.0,98.893,INTERMEDIATE,8.0,3.0,1,False,25.06590909090909,39.25568181818182,45.86363636363637,1.005681818181818,0.1477272727272727
NOR,McLaren,2023,Monaco,65.0,98.818,INTERMEDIATE,11.0,3.0,1,False,25.06590909090909,39.25568181818182,45.86363636363637,1.005681818181818,0.1477272727272727
NOR,McLaren,2023,Monaco,69.0,90.126,INTERMEDIATE,15.0,3.0,1,False,25.06590909090909,39.25568181818182,45.86363636363637,1.005681818181818,0.1477272727272727
NOR,McLaren,2023,Monaco,74.0,85.471,INTERMEDIATE,20.0,3.0,1,False,25.06590909090909,39.25568181818182,45.86363636363637,1.005681818181818,0.1477272727272727
NOR,McLaren,2023,Monaco,61.0,99.545,INTERMEDIATE,7.0,3.0,1,False,25.06590909090909,39.25568181818182,45.86363636363637,1.005681818181818,0.1477272727272727
NOR,McLaren,2023,Monaco,14.0,78.856,MEDIUM,14.0,1.0,12,False,25.06590909090909,39.25568181818182,45.86363636363637,1.005681818181818,0.1477272727272727
NOR,McLaren,2023,Monaco,40.0,78.529,MEDIUM,40.0,1.0,1,False,25.06590909090909,39.25568181818182,45.86363636363637,1.005681818181818,0.1477272727272727
NOR,McLaren,2023,Monaco,31.0,78.454,MEDIUM,31.0,1.0,1,True,25.06590909090909,39.25568181818182,45.86363636363637,1.005681818181818,0.1477272727272727
NOR,McLaren,2023,Monaco,46.0,77.844,MEDIUM,46.0,1.0,1,True,25.06590909090909,39.25568181818182,45.86363636363637,1.005681818181818,0.1477272727272727
NOR,McLaren,2023,Monaco,18.0,79.01,MEDIUM,18.0,1.0,1,False,25.06590909090909,39.25568181818182,45.86363636363637,1.005681818181818,0.1477272727272727
NOR,McLaren,2023,Monaco,49.0,78.152,MEDIUM,49.0,1.0,1,False,25.06590909090909,39.25568181818182,45.86363636363637,1.005681818181818,0.1477272727272727
NOR,McLaren,2023,Monaco,27.0,79.109,MEDIUM,27.0,1.0,1,False,25.06590909090909,39.25568181818182,45.86363636363637,1.005681818181818,0.1477272727272727
NOR,McLaren,2023,Monaco,26.0,79.067,MEDIUM,26.0,1.0,1,False,25.06590909090909,39.25568181818182,45.86363636363637,1.005681818181818,0.1477272727272727
NOR,McLaren,2023,Monaco,33.0,78.042,MEDIUM,33.0,1.0,1,False,25.06590909090909,39.25568181818182,45.86363636363637,1.005681818181818,0.1477272727272727
NOR,McLaren,2023,Monaco,20.0,78.985,MEDIUM,20.0,1.0,1,False,25.06590909090909,39.25568181818182,45.86363636363637,1.005681818181818,0.1477272727272727
NOR,McLaren,2023,Monaco,13.0,78.978,MEDIUM,13.0,1.0,1,False,25.06590909090909,39.25568181818182,45.86363636363637,1.005681818181818,0.1477272727272727
NOR,McLaren,2023,Monaco,5.0,79.502,MEDIUM,5.0,1.0,1,True,25.06590909090909,39.25568181818182,45.86363636363637,1.005681818181818,0.1477272727272727
NOR,McLaren,2023,Monaco,38.0,78.214,MEDIUM,38.0,1.0,1,False,25.06590909090909,39.25568181818182,45.86363636363637,1.005681818181818,0.1477272727272727
NOR,McLaren,2023,Monaco,9.0,79.065,MEDIUM,9.0,1.0,1,False,25.06590909090909,39.25568181818182,45.86363636363637,1.005681818181818,0.1477272727272727
NOR,McLaren,2023,Monaco,4.0,80.209,MEDIUM,4.0,1.0,1,True,25.06590909090909,39.25568181818182,45.86363636363637,1.005681818181818,0.1477272727272727
NOR,McLaren,2023,Monaco,7.0,78.652,MEDIUM,7.0,1.0,1,True,25.06590909090909,39.25568181818182,45.86363636363637,1.005681818181818,0.1477272727272727
NOR,McLaren,2023,Monaco,42.0,78.149,MEDIUM,42.0,1.0,1,False,25.06590909090909,39.25568181818182,45.86363636363637,1.005681818181818,0.1477272727272727
NOR,McLaren,2023,Monaco,47.0,78.234,MEDIUM,47.0,1.0,1,False,25.06590909090909,39.25568181818182,45.86363636363637,1.005681818181818,0.1477272727272727
NOR,McLaren,2023,Monaco,48.0,78.297,MEDIUM,48.0,1.0,1,False,25.06590909090909,39.25568181818182,45.86363636363637,1.005681818181818,0.1477272727272727
NOR,McLaren,2023,Monaco,16.0,78.988,MEDIUM,16.0,1.0,1,False,25.06590909090909,39.25568181818182,45.86363636363637,1.005681818181818,0.1477272727272727
NOR,McLaren,2023,Monaco,10.0,79.053,MEDIUM,10.0,1.0,1,False,25.06590909090909,39.25568181818182,45.86363636363637,1.005681818181818,0.1477272727272727
NOR,McLaren,2023,Monaco,17.0,78.937,MEDIUM,17.0,1.0,1,False,25.06590909090909,39.25568181818182,45.86363636363637,1.005681818181818,0.1477272727272727
NOR,McLaren,2023,Monaco,25.0,78.78,MEDIUM,25.0,1.0,1,False,25.06590909090909,39.25568181818182,45.86363636363637,1.005681818181818,0.1477272727272727
NOR,McLaren,2023,Monaco,35.0,78.192,MEDIUM,35.0,1.0,1,False,25.06590909090909,39.25568181818182,45.86363636363637,1.005681818181818,0.1477272727272727
NOR,McLaren,2023,Monaco,32.0,77.914,MEDIUM,32.0,1.0,1,True,25.06590909090909,39.25568181818182,45.86363636363637,1.005681818181818,0.1477272727272727
NOR,McLaren,2023,Monaco,1.0,92.034,MEDIUM,1.0,1.0,12,False,25.06590909090909,39.25568181818182,45.86363636363637,1.005681818181818,0.1477272727272727
NOR,McLaren,2023,Monaco,45.0,77.862,MEDIUM,45.0,1.0,1,True,25.06590909090909,39.25568181818182,45.86363636363637,1.005681818181818,0.1477272727272727
NOR,McLaren,2023,Monaco,28.0,78.771,MEDIUM,28.0,1.0,1,False,25.06590909090909,39.25568181818182,45.86363636363637,1.005681818181818,0.1477272727272727
NOR,McLaren,2023,Monaco,34.0,78.026,MEDIUM,34.0,1.0,1,False,25.06590909090909,39.25568181818182,45.86363636363637,1.005681818181818,0.1477272727272727
NOR,McLaren,2023,Monaco,6.0,79.045,MEDIUM,6.0,1.0,1,True,25.06590909090909,39.25568181818182,45.86363636363637,1.005681818181818,0.1477272727272727
NOR,McLaren,2023,Monaco,30.0,78.568,MEDIUM,30.0,1.0,1,True,25.06590909090909,39.25568181818182,45.86363636363637,1.005681818181818,0.1477272727272727
NOR,McLaren,2023,Monaco,12.0,80.277,MEDIUM,12.0,1.0,12,False,25.06590909090909,39.25568181818182,45.86363636363637,1.005681818181818,0.1477272727272727
NOR,McLaren,2023,Monaco,37.0,78.303,MEDIUM,37.0,1.0,1,False,25.06590909090909,39.25568181818182,45.86363636363637,1.005681818181818,0.1477272727272727
NOR,McLaren,2023,Monaco,2.0,81.61,MEDIUM,2.0,1.0,1,True,25.06590909090909,39.25568181818182,45.86363636363637,1.005681818181818,0.1477272727272727
NOR,McLaren,2023,Monaco,22.0,78.882,MEDIUM,22.0,1.0,1,False,25.06590909090909,39.25568181818182,45.86363636363637,1.005681818181818,0.1477272727272727
NOR,McLaren,2023,Monaco,3.0,80.396,MEDIUM,3.0,1.0,1,True,25.06590909090909,39.25568181818182,45.86363636363637,1.005681818181818,0.1477272727272727
NOR,McLaren,2023,Monaco,44.0,77.991,MEDIUM,44.0,1.0,1,False,25.06590909090909,39.25568181818182,45.86363636363637,1.005681818181818,0.1477272727272727
NOR,McLaren,2023,Monaco,36.0,78.05,MEDIUM,36.0,1.0,1,False,25.06590909090909,39.25568181818182,45.86363636363637,1.005681818181818,0.1477272727272727
NOR,McLaren,2023,Monaco,24.0,78.681,MEDIUM,24.0,1.0,1,False,25.06590909090909,39.25568181818182,45.86363636363637,1.005681818181818,0.1477272727272727
NOR,McLaren,2023,Monaco,41.0,78.409,MEDIUM,41.0,1.0,1,False,25.06590909090909,39.25568181818182,45.86363636363637,1.005681818181818,0.1477272727272727
OCO,Alpine,2023,Monaco,33.0,79.289,HARD,1.0,2.0,1,False,25.06590909090909,39.25568181818182,45.86363636363637,1.005681818181818,0.1477272727272727
OCO,Alpine,2023,Monaco,46.0,76.775,HARD,14.0,2.0,1,False,25.06590909090909,39.25568181818182,45.86363636363637,1.005681818181818,0.1477272727272727
OCO,Alpine,2023,Monaco,41.0,76.528,HARD,9.0,2.0,1,True,25.06590909090909,39.25568181818182,45.86363636363637,1.005681818181818,0.1477272727272727
OCO,Alpine,2023,Monaco,34.0,76.95,HARD,2.0,2.0,1,False,25.06590909090909,39.25568181818182,45.86363636363637,1.005681818181818,0.1477272727272727
OCO,Alpine,2023,Monaco,48.0,76.968,HARD,16.0,2.0,1,False,25.06590909090909,39.25568181818182,45.86363636363637,1.005681818181818,0.1477272727272727
OCO,Alpine,2023,Monaco,38.0,77.048,HARD,6.0,2.0,1,False,25.06590909090909,39.25568181818182,45.86363636363637,1.005681818181818,0.1477272727272727
OCO,Alpine,2023,Monaco,53.0,89.909,HARD,21.0,2.0,1,False,25.06590909090909,39.25568181818182,45.86363636363637,1.005681818181818,0.1477272727272727
OCO,Alpine,2023,Monaco,44.0,77.033,HARD,12.0,2.0,1,False,25.06590909090909,39.25568181818182,45.86363636363637,1.005681818181818,0.1477272727272727
OCO,Alpine,2023,Monaco,36.0,77.304,HARD,4.0,2.0,1,False,25.06590909090909,39.25568181818182,45.86363636363637,1.005681818181818,0.1477272727272727
OCO,Alpine,2023,Monaco,37.0,77.14,HARD,5.0,2.0,1,False,25.06590909090909,39.25568181818182,45.86363636363637,1.005681818181818,0.1477272727272727
OCO,Alpine,2023,Monaco,50.0,77.836,HARD,18.0,2.0,1,False,25.06590909090909,39.25568181818182,45.86363636363637,1.005681818181818,0.1477272727272727
OCO,Alpine,2023,Monaco,45.0,77.271,HARD,13.0,2.0,1,False,25.06590909090909,39.25568181818182,45.86363636363637,1.005681818181818,0.1477272727272727
OCO,Alpine,2023,Monaco,51.0,79.453,HARD,19.0,2.0,1,False,25.06590909090909,39.25568181818182,45.86363636363637,1.005681818181818,0.1477272727272727
OCO,Alpine,2023,Monaco,49.0,77.09,HARD,17.0,2.0,1,False,25.06590909090909,39.25568181818182,45.86363636363637,1.005681818181818,0.1477272727272727
OCO,Alpine,2023,Monaco,35.0,77.095,HARD,3.0,2.0,1,False,25.06590909090909,39.25568181818182,45.86363636363637,1.005681818181818,0.1477272727272727
OCO,Alpine,2023,Monaco,42.0,77.01,HARD,10.0,2.0,1,False,25.06590909090909,39.25568181818182,45.86363636363637,1.005681818181818,0.1477272727272727
OCO,Alpine,2023,Monaco,54.0,114.547,HARD,22.0,2.0,1,False,25.06590909090909,39.25568181818182,45.86363636363637,1.005681818181818,0.1477272727272727
OCO,Alpine,2023,Monaco,40.0,77.025,HARD,8.0,2.0,1,False,25.06590909090909,39.25568181818182,45.86363636363637,1.005681818181818,0.1477272727272727
OCO,Alpine,2023,Monaco,43.0,77.002,HARD,11.0,2.0,1,False,25.06590909090909,39.25568181818182,45.86363636363637,1.005681818181818,0.1477272727272727
OCO,Alpine,2023,Monaco,47.0,76.962,HARD,15.0,2.0,1,False,25.06590909090909,39.25568181818182,45.86363636363637,1.005681818181818,0.1477272727272727
OCO,Alpine,2023,Monaco,52.0,86.99,HARD,20.0,2.0,1,False,25.06590909090909,39.25568181818182,45.86363636363637,1.005681818181818,0.1477272727272727
OCO,Alpine,2023,Monaco,39.0,77.169,HARD,7.0,2.0,1,False,25.06590909090909,39.25568181818182,45.86363636363637,1.005681818181818,0.1477272727272727
OCO,Alpine,2023,Monaco,63.0,101.123,INTERMEDIATE,9.0,3.0,1,False,25.06590909090909,39.25568181818182,45.86363636363637,1.005681818181818,0.1477272727272727
OCO,Alpine,2023,Monaco,71.0,90.027,INTERMEDIATE,17.0,3.0,1,False,25.06590909090909,39.25568181818182,45.86363636363637,1.005681818181818,0.1477272727272727
OCO,Alpine,2023,Monaco,55.0,102.379,INTERMEDIATE,1.0,3.0,12,False,25.06590909090909,39.25568181818182,45.86363636363637,1.005681818181818,0.1477272727272727
OCO,Alpine,2023,Monaco,73.0,87.666,INTERMEDIATE,19.0,3.0,1,False,25.06590909090909,39.25568181818182,45.86363636363637,1.005681818181818,0.1477272727272727
OCO,Alpine,2023,Monaco,66.0,95.456,INTERMEDIATE,12.0,3.0,1,False,25.06590909090909,39.25568181818182,45.86363636363637,1.005681818181818,0.1477272727272727
OCO,Alpine,2023,Monaco,64.0,100.375,INTERMEDIATE,10.0,3.0,1,False,25.06590909090909,39.25568181818182,45.86363636363637,1.005681818181818,0.1477272727272727
OCO,Alpine,2023,Monaco,68.0,93.484,INTERMEDIATE,14.0,3.0,1,False,25.06590909090909,39.25568181818182,45.86363636363637,1.005681818181818,0.1477272727272727
OCO,Alpine,2023,Monaco,56.0,101.755,INTERMEDIATE,2.0,3.0,21,False,25.06590909090909,39.25568181818182,45.86363636363637,1.005681818181818,0.1477272727272727
OCO,Alpine,2023,Monaco,76.0,84.834,INTERMEDIATE,22.0,3.0,1,False,25.06590909090909,39.25568181818182,45.86363636363637,1.005681818181818,0.1477272727272727
OCO,Alpine,2023,Monaco,60.0,102.527,INTERMEDIATE,6.0,3.0,12,False,25.06590909090909,39.25568181818182,45.86363636363637,1.005681818181818,0.1477272727272727
OCO,Alpine,2023,Monaco,57.0,102.554,INTERMEDIATE,3.0,3.0,1,False,25.06590909090909,39.25568181818182,45.86363636363637,1.005681818181818,0.1477272727272727
OCO,Alpine,2023,Monaco,67.0,94.457,INTERMEDIATE,13.0,3.0,1,False,25.06590909090909,39.25568181818182,45.86363636363637,1.005681818181818,0.1477272727272727
OCO,Alpine,2023,Monaco,70.0,90.3,INTERMEDIATE,16.0,3.0,1,False,25.06590909090909,39.25568181818182,45.86363636363637,1.005681818181818,0.1477272727272727
OCO,Alpine,2023,Monaco,58.0,103.729,INTERMEDIATE,4.0,3.0,12,False,25.06590909090909,39.25568181818182,45.86363636363637,1.005681818181818,0.1477272727272727
OCO,Alpine,2023,Monaco,59.0,105.002,INTERMEDIATE,5.0,3.0,21,False,25.06590909090909,39.25568181818182,45.86363636363637,1.005681818181818,0.1477272727272727
OCO,Alpine,2023,Monaco,77.0,86.24,INTERMEDIATE,23.0,3.0,1,False,25.06590909090909,39.25568181818182,45.86363636363637,1.005681818181818,0.1477272727272727
OCO,Alpine,2023,Monaco,72.0,89.541,INTERMEDIATE,18.0,3.0,1,False,25.06590909090909,39.25568181818182,45.86363636363637,1.005681818181818,0.1477272727272727
OCO,Alpine,2023,Monaco,75.0,85.133,INTERMEDIATE,21.0,3.0,1,False,25.06590909090909,39.25568181818182,45.86363636363637,1.005681818181818,0.1477272727272727
OCO,Alpine,2023,Monaco,78.0,84.231,INTERMEDIATE,24.0,3.0,1,False,25.06590909090909,39.25568181818182,45.86363636363637,1.005681818181818,0.1477272727272727
OCO,Alpine,2023,Monaco,62.0,102.139,INTERMEDIATE,8.0,3.0,1,False,25.06590909090909,39.25568181818182,45.86363636363637,1.005681818181818,0.1477272727272727
OCO,Alpine,2023,Monaco,65.0,97.029,INTERMEDIATE,11.0,3.0,1,False,25.06590909090909,39.25568181818182,45.86363636363637,1.005681818181818,0.1477272727272727
OCO,Alpine,2023,Monaco,69.0,92.501,INTERMEDIATE,15.0,3.0,12,False,25.06590909090909,39.25568181818182,45.86363636363637,1.005681818181818,0.1477272727272727
OCO,Alpine,2023,Monaco,74.0,86.712,INTERMEDIATE,20.0,3.0,1,False,25.06590909090909,39.25568181818182,45.86363636363637,1.005681818181818,0.1477272727272727
OCO,Alpine,2023,Monaco,61.0,102.63,INTERMEDIATE,7.0,3.0,12,False,25.06590909090909,39.25568181818182,45.86363636363637,1.005681818181818,0.1477272727272727
OCO,Alpine,2023,Monaco,30.0,77.334,MEDIUM,30.0,1.0,1,False,25.06590909090909,39.25568181818182,45.86363636363637,1.005681818181818,0.1477272727272727
OCO,Alpine,2023,Monaco,16.0,77.948,MEDIUM,16.0,1.0,1,True,25.06590909090909,39.25568181818182,45.86363636363637,1.005681818181818,0.1477272727272727
OCO,Alpine,2023,Monaco,25.0,77.451,MEDIUM,25.0,1.0,1,True,25.06590909090909,39.25568181818182,45.86363636363637,1.005681818181818,0.1477272727272727
OCO,Alpine,2023,Monaco,18.0,78.22,MEDIUM,18.0,1.0,1,False,25.06590909090909,39.25568181818182,45.86363636363637,1.005681818181818,0.1477272727272727
OCO,Alpine,2023,Monaco,9.0,78.594,MEDIUM,9.0,1.0,1,False,25.06590909090909,39.25568181818182,45.86363636363637,1.005681818181818,0.1477272727272727
OCO,Alpine,2023,Monaco,10.0,78.46,MEDIUM,10.0,1.0,1,True,25.06590909090909,39.25568181818182,45.86363636363637,1.005681818181818,0.1477272727272727
OCO,Alpine,2023,Monaco,31.0,77.331,MEDIUM,31.0,1.0,1,False,25.06590909090909,39.25568181818182,45.86363636363637,1.005681818181818,0.1477272727272727
OCO,Alpine,2023,Monaco,26.0,77.433,MEDIUM,26.0,1.0,1,True,25.06590909090909,39.25568181818182,45.86363636363637,1.005681818181818,0.1477272727272727
OCO,Alpine,2023,Monaco,13.0,78.025,MEDIUM,13.0,1.0,1,True,25.06590909090909,39.25568181818182,45.86363636363637,1.005681818181818,0.1477272727272727
OCO,Alpine,2023,Monaco,1.0,86.639,MEDIUM,1.0,1.0,12,False,25.06590909090909,39.25568181818182,45.86363636363637,1.005681818181818,0.1477272727272727
OCO,Alpine,2023,Monaco,5.0,79.041,MEDIUM,5.0,1.0,1,True,25.06590909090909,39.25568181818182,45.86363636363637,1.005681818181818,0.1477272727272727
OCO,Alpine,2023,Monaco,17.0,78.372,MEDIUM,17.0,1.0,1,False,25.06590909090909,39.25568181818182,45.86363636363637,1.005681818181818,0.1477272727272727
OCO,Alpine,2023,Monaco,6.0,78.731,MEDIUM,6.0,1.0,1,True,25.06590909090909,39.25568181818182,45.86363636363637,1.005681818181818,0.1477272727272727
OCO,Alpine,2023,Monaco,14.0,78.055,MEDIUM,14.0,1.0,12,False,25.06590909090909,39.25568181818182,45.86363636363637,1.005681818181818,0.1477272727272727
OCO,Alpine,2023,Monaco,12.0,78.515,MEDIUM,12.0,1.0,12,False,25.06590909090909,39.25568181818182,45.86363636363637,1.005681818181818,0.1477272727272727
OCO,Alpine,2023,Monaco,24.0,77.498,MEDIUM,24.0,1.0,1,True,25.06590909090909,39.25568181818182,45.86363636363637,1.005681818181818,0.1477272727272727
OCO,Alpine,2023,Monaco,2.0,80.301,MEDIUM,2.0,1.0,1,True,25.06590909090909,39.25568181818182,45.86363636363637,1.005681818181818,0.1477272727272727
OCO,Alpine,2023,Monaco,3.0,79.704,MEDIUM,3.0,1.0,1,True,25.06590909090909,39.25568181818182,45.86363636363637,1.005681818181818,0.1477272727272727
OCO,Alpine,2023,Monaco,27.0,77.145,MEDIUM,27.0,1.0,1,True,25.06590909090909,39.25568181818182,45.86363636363637,1.005681818181818,0.1477272727272727
OCO,Alpine,2023,Monaco,4.0,79.314,MEDIUM,4.0,1.0,1,True,25.06590909090909,39.25568181818182,45.86363636363637,1.005681818181818,0.1477272727272727
OCO,Alpine,2023,Monaco,22.0,78.057,MEDIUM,22.0,1.0,1,False,25.06590909090909,39.25568181818182,45.86363636363637,1.005681818181818,0.1477272727272727
OCO,Alpine,2023,Monaco,28.0,76.938,MEDIUM,28.0,1.0,1,True,25.06590909090909,39.25568181818182,45.86363636363637,1.005681818181818,0.1477272727272727
OCO,Alpine,2023,Monaco,23.0,77.873,MEDIUM,23.0,1.0,1,True,25.06590909090909,39.25568181818182,45.86363636363637,1.005681818181818,0.1477272727272727
OCO,Alpine,2023,Monaco,19.0,78.074,MEDIUM,19.0,1.0,1,False,25.06590909090909,39.25568181818182,45.86363636363637,1.005681818181818,0.1477272727272727
OCO,Alpine,2023,Monaco,32.0,94.668,MEDIUM,32.0,1.0,1,False,25.06590909090909,39.25568181818182,45.86363636363637,1.005681818181818,0.1477272727272727
OCO,Alpine,2023,Monaco,21.0,78.161,MEDIUM,21.0,1.0,1,False,25.06590909090909,39.25568181818182,45.86363636363637,1.005681818181818,0.1477272727272727
OCO,Alpine,2023,Monaco,8.0,78.533,MEDIUM,8.0,1.0,1,True,25.06590909090909,39.25568181818182,45.86363636363637,1.005681818181818,0.1477272727272727
OCO,Alpine,2023,Monaco,11.0,78.271,MEDIUM,11.0,1.0,1,True,25.06590909090909,39.25568181818182,45.86363636363637,1.005681818181818,0.1477272727272727
OCO,Alpine,2023,Monaco,15.0,78.018,MEDIUM,15.0,1.0,1,True,25.06590909090909,39.25568181818182,45.86363636363637,1.005681818181818,0.1477272727272727
OCO,Alpine,2023,Monaco,29.0,77.179,MEDIUM,29.0,1.0,1,False,25.06590909090909,39.25568181818182,45.86363636363637,1.005681818181818,0.1477272727272727
OCO,Alpine,2023,Monaco,20.0,78.087,MEDIUM,20.0,1.0,1,False,25.06590909090909,39.25568181818182,45.86363636363637,1.005681818181818,0.1477272727272727
OCO,Alpine,2023,Monaco,7.0,78.782,MEDIUM,7.0,1.0,1,False,25.06590909090909,39.25568181818182,45.86363636363637,1.005681818181818,0.1477272727272727
PER,Red Bull Racing,2023,Monaco,33.0,82.083,HARD,32.0,2.0,1,False,25.06590909090909,39.25568181818182,45.86363636363637,1.005681818181818,0.1477272727272727
PER,Red Bull Racing,2023,Monaco,17.0,81.315,HARD,16.0,2.0,1,False,25.06590909090909,39.25568181818182,45.86363636363637,1.005681818181818,0.1477272727272727
PER,Red Bull Racing,2023,Monaco,28.0,79.611,HARD,27.0,2.0,1,False,25.06590909090909,39.25568181818182,45.86363636363637,1.005681818181818,0.1477272727272727
PER,Red Bull Racing,2023,Monaco,19.0,77.867,HARD,18.0,2.0,1,False,25.06590909090909,39.25568181818182,45.86363636363637,1.005681818181818,0.1477272727272727
PER,Red Bull Racing,2023,Monaco,10.0,79.787,HARD,9.0,2.0,1,False,25.06590909090909,39.25568181818182,45.86363636363637,1.005681818181818,0.1477272727272727
PER,Red Bull Racing,2023,Monaco,11.0,79.848,HARD,10.0,2.0,12,False,25.06590909090909,39.25568181818182,45.86363636363637,1.005681818181818,0.1477272727272727
PER,Red Bull Racing,2023,Monaco,21.0,78.523,HARD,20.0,2.0,1,False,25.06590909090909,39.25568181818182,45.86363636363637,1.005681818181818,0.1477272727272727
PER,Red Bull Racing,2023,Monaco,23.0,78.604,HARD,22.0,2.0,1,False,25.06590909090909,39.25568181818182,45.86363636363637,1.005681818181818,0.1477272727272727
PER,Red Bull Racing,2023,Monaco,14.0,80.283,HARD,13.0,2.0,12,False,25.06590909090909,39.25568181818182,45.86363636363637,1.005681818181818,0.1477272727272727
PER,Red Bull Racing,2023,Monaco,2.0,79.704,HARD,1.0,2.0,1,False,25.06590909090909,39.25568181818182,45.86363636363637,1.005681818181818,0.1477272727272727
PER,Red Bull Racing,2023,Monaco,6.0,76.458,HARD,5.0,2.0,1,False,25.06590909090909,39.25568181818182,45.86363636363637,1.005681818181818,0.1477272727272727
PER,Red Bull Racing,2023,Monaco,18.0,78.092,HARD,17.0,2.0,1,False,25.06590909090909,39.25568181818182,45.86363636363637,1.005681818181818,0.1477272727272727
PER,Red Bull Racing,2023,Monaco,7.0,77.399,HARD,6.0,2.0,1,False,25.06590909090909,39.25568181818182,45.86363636363637,1.005681818181818,0.1477272727272727
PER,Red Bull Racing,2023,Monaco,15.0,80.418,HARD,14.0,2.0,1,False,25.06590909090909,39.25568181818182,45.86363636363637,1.005681818181818,0.1477272727272727
PER,Red Bull Racing,2023,Monaco,13.0,80.797,HARD,12.0,2.0,1,False,25.06590909090909,39.25568181818182,45.86363636363637,1.005681818181818,0.1477272727272727
PER,Red Bull Racing,2023,Monaco,26.0,79.877,HARD,25.0,2.0,1,False,25.06590909090909,39.25568181818182,45.86363636363637,1.005681818181818,0.1477272727272727
PER,Red Bull Racing,2023,Monaco,3.0,76.387,HARD,2.0,2.0,1,True,25.06590909090909,39.25568181818182,45.86363636363637,1.005681818181818,0.1477272727272727
PER,Red Bull Racing,2023,Monaco,4.0,76.535,HARD,3.0,2.0,1,False,25.06590909090909,39.25568181818182,45.86363636363637,1.005681818181818,0.1477272727272727
PER,Red Bull Racing,2023,Monaco,31.0,79.292,HARD,30.0,2.0,1,False,25.06590909090909,39.25568181818182,45.86363636363637,1.005681818181818,0.1477272727272727
PER,Red Bull Racing,2023,Monaco,5.0,76.269,HARD,4.0,2.0,1,True,25.06590909090909,39.25568181818182,45.86363636363637,1.005681818181818,0.1477272727272727
PER,Red Bull Racing,2023,Monaco,29.0,79.986,HARD,28.0,2.0,1,False,25.06590909090909,39.25568181818182,45.86363636363637,1.005681818181818,0.1477272727272727
PER,Red Bull Racing,2023,Monaco,25.0,78.541,HARD,24.0,2.0,1,False,25.06590909090909,39.25568181818182,45.86363636363637,1.005681818181818,0.1477272727272727
PER,Red Bull Racing,2023,Monaco,32.0,79.607,HARD,31.0,2.0,1,False,25.06590909090909,39.25568181818182,45.86363636363637,1.005681818181818,0.1477272727272727
PER,Red Bull Racing,2023,Monaco,24.0,78.624,HARD,23.0,2.0,1,False,25.06590909090909,39.25568181818182,45.86363636363637,1.005681818181818,0.1477272727272727
PER,Red Bull Racing,2023,Monaco,20.0,77.979,HARD,19.0,2.0,1,False,25.06590909090909,39.25568181818182,45.86363636363637,1.005681818181818,0.1477272727272727
PER,Red Bull Racing,2023,Monaco,27.0,79.319,HARD,26.0,2.0,1,False,25.06590909090909,39.25568181818182,45.86363636363637,1.005681818181818,0.1477272727272727
PER,Red Bull Racing,2023,Monaco,8.0,77.937,HARD,7.0,2.0,1,False,25.06590909090909,39.25568181818182,45.86363636363637,1.005681818181818,0.1477272727272727
PER,Red Bull Racing,2023,Monaco,22.0,78.803,HARD,21.0,2.0,1,False,25.06590909090909,39.25568181818182,45.86363636363637,1.005681818181818,0.1477272727272727
PER,Red Bull Racing,2023,Monaco,34.0,106.451,HARD,33.0,2.0,1,False,25.06590909090909,39.25568181818182,45.86363636363637,1.005681818181818,0.1477272727272727
PER,Red Bull Racing,2023,Monaco,9.0,78.254,HARD,8.0,2.0,1,False,25.06590909090909,39.25568181818182,45.86363636363637,1.005681818181818,0.1477272727272727
PER,Red Bull Racing,2023,Monaco,12.0,80.433,HARD,11.0,2.0,21,False,25.06590909090909,39.25568181818182,45.86363636363637,1.005681818181818,0.1477272727272727
PER,Red Bull Racing,2023,Monaco,16.0,80.487,HARD,15.0,2.0,1,False,25.06590909090909,39.25568181818182,45.86363636363637,1.005681818181818,0.1477272727272727
PER,Red Bull Racing,2023,Monaco,30.0,80.771,HARD,29.0,2.0,1,False,25.06590909090909,39.25568181818182,45.86363636363637,1.005681818181818,0.1477272727272727
PER,Red Bull Racing,2023,Monaco,75.0,94.148,INTERMEDIATE,5.0,6.0,1,False,25.06590909090909,39.25568181818182,45.86363636363637,1.005681818181818,0.1477272727272727
PER,Red Bull Racing,2023,Monaco,55.0,100.446,INTERMEDIATE,2.0,4.0,21,False,25.06590909090909,39.25568181818182,45.86363636363637,1.005681818181818,0.1477272727272727
PER,Red Bull Racing,2023,Monaco,72.0,89.537,INTERMEDIATE,2.0,6.0,1,False,25.06590909090909,39.25568181818182,45.86363636363637,1.005681818181818,0.1477272727272727
PER,Red Bull Racing,2023,Monaco,54.0,102.332,INTERMEDIATE,1.0,4.0,12,False,25.06590909090909,39.25568181818182,45.86363636363637,1.005681818181818,0.1477272727272727
PER,Red Bull Racing,2023,Monaco,74.0,85.704,INTERMEDIATE,4.0,6.0,1,False,25.06590909090909,39.25568181818182,45.86363636363637,1.005681818181818,0.1477272727272727
PER,Red Bull Racing,2023,Monaco,56.0,105.055,INTERMEDIATE,3.0,4.0,1,False,25.06590909090909,39.25568181818182,45.86363636363637,1.005681818181818,0.1477272727272727
PER,Red Bull Racing,2023,Monaco,76.0,90.273,INTERMEDIATE,6.0,6.0,1,False,25.06590909090909,39.25568181818182,45.86363636363637,1.005681818181818,0.1477272727272727
PER,Red Bull Racing,2023,Monaco,71.0,96.744,INTERMEDIATE,1.0,6.0,1,False,25.06590909090909,39.25568181818182,45.86363636363637,1.005681818181818,0.1477272727272727
PER,Red Bull Racing,2023,Monaco,57.0,125.839,INTERMEDIATE,4.0,4.0,12,False,25.06590909090909,39.25568181818182,45.86363636363637,1.005681818181818,0.1477272727272727
PER,Red Bull Racing,2023,Monaco,73.0,86.82,INTERMEDIATE,3.0,6.0,1,False,25.06590909090909,39.25568181818182,45.86363636363637,1.005681818181818,0.1477272727272727
PER,Red Bull Racing,2023,Monaco,1.0,118.19,MEDIUM,1.0,1.0,12,False,25.06590909090909,39.25568181818182,45.86363636363637,1.005681818181818,0.1477272727272727
PER,Red Bull Racing,2023,Monaco,51.0,85.645,MEDIUM,18.0,3.0,1,False,25.06590909090909,39.25568181818182,45.86363636363637,1.005681818181818,0.1477272727272727
PER,Red Bull Racing,2023,Monaco,49.0,78.524,MEDIUM,16.0,3.0,1,False,25.06590909090909,39.25568181818182,45.86363636363637,1.005681818181818,0.1477272727272727
PER,Red Bull Racing,2023,Monaco,35.0,79.581,MEDIUM,2.0,3.0,1,False,25.06590909090909,39.25568181818182,45.86363636363637,1.005681818181818,0.1477272727272727
PER,Red Bull Racing,2023,Monaco,42.0,77.46,MEDIUM,9.0,3.0,1,False,25.06590909090909,39.25568181818182,45.86363636363637,1.005681818181818,0.1477272727272727
PER,Red Bull Racing,2023,Monaco,39.0,76.445,MEDIUM,6.0,3.0,1,False,25.06590909090909,39.25568181818182,45.86363636363637,1.005681818181818,0.1477272727272727
PER,Red Bull Racing,2023,Monaco,45.0,77.128,MEDIUM,12.0,3.0,1,False,25.06590909090909,39.25568181818182,45.86363636363637,1.005681818181818,0.1477272727272727
PER,Red Bull Racing,2023,Monaco,37.0,76.706,MEDIUM,4.0,3.0,1,False,25.06590909090909,39.25568181818182,45.86363636363637,1.005681818181818,0.1477272727272727
PER,Red Bull Racing,2023,Monaco,52.0,98.2,MEDIUM,19.0,3.0,1,False,25.06590909090909,39.25568181818182,45.86363636363637,1.005681818181818,0.1477272727272727
PER,Red Bull Racing,2023,Monaco,50.0,84.856,MEDIUM,17.0,3.0,1,False,25.06590909090909,39.25568181818182,45.86363636363637,1.005681818181818,0.1477272727272727
PER,Red Bull Racing,2023,Monaco,47.0,76.859,MEDIUM,14.0,3.0,1,False,25.06590909090909,39.25568181818182,45.86363636363637,1.005681818181818,0.1477272727272727
PER,Red Bull Racing,2023,Monaco,36.0,76.882,MEDIUM,3.0,3.0,1,False,25.06590909090909,39.25568181818182,45.86363636363637,1.005681818181818,0.1477272727272727
PER,Red Bull Racing,2023,Monaco,43.0,77.847,MEDIUM,10.0,3.0,1,False,25.06590909090909,39.25568181818182,45.86363636363637,1.005681818181818,0.1477272727272727
PER,Red Bull Racing,2023,Monaco,53.0,115.544,MEDIUM,20.0,3.0,1,False,25.06590909090909,39.25568181818182,45.86363636363637,1.005681818181818,0.1477272727272727
PER,Red Bull Racing,2023,Monaco,38.0,76.353,MEDIUM,5.0,3.0,1,False,25.06590909090909,39.25568181818182,45.86363636363637,1.005681818181818,0.1477272727272727
PER,Red Bull Racing,2023,Monaco,46.0,77.047,MEDIUM,13.0,3.0,1,False,25.06590909090909,39.25568181818182,45.86363636363637,1.005681818181818,0.1477272727272727
PER,Red Bull Racing,2023,Monaco,41.0,77.959,MEDIUM,8.0,3.0,1,False,25.06590909090909,39.25568181818182,45.86363636363637,1.005681818181818,0.1477272727272727
PER,Red Bull Racing,2023,Monaco,44.0,77.616,MEDIUM,11.0,3.0,1,False,25.06590909090909,39.25568181818182,45.86363636363637,1.005681818181818,0.1477272727272727
PER,Red Bull Racing,2023,Monaco,48.0,76.98,MEDIUM,15.0,3.0,1,False,25.06590909090909,39.25568181818182,45.86363636363637,1.005681818181818,0.1477272727272727
PER,Red Bull Racing,2023,Monaco,40.0,76.755,MEDIUM,7.0,3.0,1,False,25.06590909090909,39.25568181818182,45.86363636363637,1.005681818181818,0.1477272727272727
PER,Red Bull Racing,2023,Monaco,69.0,95.708,WET,12.0,5.0,1,False,25.06590909090909,39.25568181818182,45.86363636363637,1.005681818181818,0.1477272727272727
PER,Red Bull Racing,2023,Monaco,67.0,95.957,WET,10.0,5.0,12,False,25.06590909090909,39.25568181818182,45.86363636363637,1.005681818181818,0.1477272727272727
PER,Red Bull Racing,2023,Monaco,58.0,105.989,WET,1.0,5.0,12,False,25.06590909090909,39.25568181818182,45.86363636363637,1.005681818181818,0.1477272727272727
PER,Red Bull Racing,2023,Monaco,66.0,96.451,WET,9.0,5.0,1,False,25.06590909090909,39.25568181818182,45.86363636363637,1.005681818181818,0.1477272727272727
PER,Red Bull Racing,2023,Monaco,63.0,99.405,WET,6.0,5.0,1,False,25.06590909090909,39.25568181818182,45.86363636363637,1.005681818181818,0.1477272727272727
PER,Red Bull Racing,2023,Monaco,60.0,101.082,WET,3.0,5.0,12,False,25.06590909090909,39.25568181818182,45.86363636363637,1.005681818181818,0.1477272727272727
PER,Red Bull Racing,2023,Monaco,59.0,100.595,WET,2.0,5.0,21,False,25.06590909090909,39.25568181818182,45.86363636363637,1.005681818181818,0.1477272727272727
PER,Red Bull Racing,2023,Monaco,70.0,118.066,WET,13.0,5.0,1,False,25.06590909090909,39.25568181818182,45.86363636363637,1.005681818181818,0.1477272727272727
PER,Red Bull Racing,2023,Monaco,62.0,99.631,WET,5.0,5.0,1,False,25.06590909090909,39.25568181818182,45.86363636363637,1.005681818181818,0.1477272727272727
PER,Red Bull Racing,2023,Monaco,65.0,97.675,WET,8.0,5.0,1,False,25.06590909090909,39.25568181818182,45.86363636363637,1.005681818181818,0.1477272727272727
PER,Red Bull Racing,2023,Monaco,68.0,96.297,WET,11.0,5.0,21,False,25.06590909090909,39.25568181818182,45.86363636363637,1.005681818181818,0.1477272727272727
PER,Red Bull Racing,2023,Monaco,61.0,101.22,WET,4.0,5.0,1,False,25.06590909090909,39.25568181818182,45.86363636363637,1.005681818181818,0.1477272727272727
PER,Red Bull Racing,2023,Monaco,64.0,97.112,WET,7.0,5.0,1,False,25.06590909090909,39.25568181818182,45.86363636363637,1.005681818181818,0.1477272727272727
PIA,McLaren,2023,Monaco,20.0,79.281,HARD,20.0,1.0,1,False,25.06590909090909,39.25568181818182,45.86363636363637,1.005681818181818,0.1477272727272727
PIA,McLaren,2023,Monaco,50.0,78.201,HARD,50.0,1.0,1,False,25.06590909090909,39.25568181818182,45.86363636363637,1.005681818181818,0.1477272727272727
PIA,McLaren,2023,Monaco,49.0,81.248,HARD,49.0,1.0,1,False,25.06590909090909,39.25568181818182,45.86363636363637,1.005681818181818,0.1477272727272727
PIA,McLaren,2023,Monaco,13.0,79.265,HARD,13.0,1.0,1,False,25.06590909090909,39.25568181818182,45.86363636363637,1.005681818181818,0.1477272727272727
PIA,McLaren,2023,Monaco,45.0,77.846,HARD,45.0,1.0,1,False,25.06590909090909,39.25568181818182,45.86363636363637,1.005681818181818,0.1477272727272727
PIA,McLaren,2023,Monaco,6.0,79.247,HARD,6.0,1.0,1,True,25.06590909090909,39.25568181818182,45.86363636363637,1.005681818181818,0.1477272727272727
PIA,McLaren,2023,Monaco,18.0,78.765,HARD,18.0,1.0,1,False,25.06590909090909,39.25568181818182,45.86363636363637,1.005681818181818,0.1477272727272727
PIA,McLaren,2023,Monaco,53.0,96.843,HARD,53.0,1.0,1,False,25.06590909090909,39.25568181818182,45.86363636363637,1.005681818181818,0.1477272727272727
PIA,McLaren,2023,Monaco,4.0,80.408,HARD,4.0,1.0,1,True,25.06590909090909,39.25568181818182,45.86363636363637,1.005681818181818,0.1477272727272727
PIA,McLaren,2023,Monaco,33.0,78.259,HARD,33.0,1.0,1,False,25.06590909090909,39.25568181818182,45.86363636363637,1.005681818181818,0.1477272727272727
PIA,McLaren,2023,Monaco,14.0,79.285,HARD,14.0,1.0,12,False,25.06590909090909,39.25568181818182,45.86363636363637,1.005681818181818,0.1477272727272727
PIA,McLaren,2023,Monaco,9.0,79.346,HARD,9.0,1.0,1,False,25.06590909090909,39.25568181818182,45.86363636363637,1.005681818181818,0.1477272727272727
PIA,McLaren,2023,Monaco,27.0,79.524,HARD,27.0,1.0,1,False,25.06590909090909,39.25568181818182,45.86363636363637,1.005681818181818,0.1477272727272727
PIA,McLaren,2023,Monaco,7.0,78.869,HARD,7.0,1.0,1,True,25.06590909090909,39.25568181818182,45.86363636363637,1.005681818181818,0.1477272727272727
PIA,McLaren,2023,Monaco,35.0,78.328,HARD,35.0,1.0,1,False,25.06590909090909,39.25568181818182,45.86363636363637,1.005681818181818,0.1477272727272727
PIA,McLaren,2023,Monaco,5.0,79.707,HARD,5.0,1.0,1,True,25.06590909090909,39.25568181818182,45.86363636363637,1.005681818181818,0.1477272727272727
PIA,McLaren,2023,Monaco,38.0,77.73,HARD,38.0,1.0,1,False,25.06590909090909,39.25568181818182,45.86363636363637,1.005681818181818,0.1477272727272727
PIA,McLaren,2023,Monaco,25.0,79.382,HARD,25.0,1.0,1,False,25.06590909090909,39.25568181818182,45.86363636363637,1.005681818181818,0.1477272727272727
PIA,McLaren,2023,Monaco,46.0,77.516,HARD,46.0,1.0,1,True,25.06590909090909,39.25568181818182,45.86363636363637,1.005681818181818,0.1477272727272727
PIA,McLaren,2023,Monaco,34.0,78.311,HARD,34.0,1.0,1,False,25.06590909090909,39.25568181818182,45.86363636363637,1.005681818181818,0.1477272727272727
PIA,McLaren,2023,Monaco,51.0,83.586,HARD,51.0,1.0,1,False,25.06590909090909,39.25568181818182,45.86363636363637,1.005681818181818,0.1477272727272727
PIA,McLaren,2023,Monaco,16.0,78.718,HARD,16.0,1.0,1,True,25.06590909090909,39.25568181818182,45.86363636363637,1.005681818181818,0.1477272727272727
PIA,McLaren,2023,Monaco,10.0,79.015,HARD,10.0,1.0,1,False,25.06590909090909,39.25568181818182,45.86363636363637,1.005681818181818,0.1477272727272727
PIA,McLaren,2023,Monaco,17.0,79.053,HARD,17.0,1.0,1,False,25.06590909090909,39.25568181818182,45.86363636363637,1.005681818181818,0.1477272727272727
PIA,McLaren,2023,Monaco,31.0,78.115,HARD,31.0,1.0,1,True,25.06590909090909,39.25568181818182,45.86363636363637,1.005681818181818,0.1477272727272727
PIA,McLaren,2023,Monaco,37.0,77.842,HARD,37.0,1.0,1,False,25.06590909090909,39.25568181818182,45.86363636363637,1.005681818181818,0.1477272727272727
PIA,McLaren,2023,Monaco,26.0,80.198,HARD,26.0,1.0,1,False,25.06590909090909,39.25568181818182,45.86363636363637,1.005681818181818,0.1477272727272727
PIA,McLaren,2023,Monaco,12.0,80.302,HARD,12.0,1.0,12,False,25.06590909090909,39.25568181818182,45.86363636363637,1.005681818181818,0.1477272727272727
PIA,McLaren,2023,Monaco,1.0,93.07,HARD,1.0,1.0,12,False,25.06590909090909,39.25568181818182,45.86363636363637,1.005681818181818,0.1477272727272727
PIA,McLaren,2023,Monaco,48.0,78.001,HARD,48.0,1.0,1,False,25.06590909090909,39.25568181818182,45.86363636363637,1.005681818181818,0.1477272727272727
PIA,McLaren,2023,Monaco,28.0,78.485,HARD,28.0,1.0,1,True,25.06590909090909,39.25568181818182,45.86363636363637,1.005681818181818,0.1477272727272727
PIA,McLaren,2023,Monaco,32.0,78.39,HARD,32.0,1.0,1,False,25.06590909090909,39.25568181818182,45.86363636363637,1.005681818181818,0.1477272727272727
PIA,McLaren,2023,Monaco,41.0,78.555,HARD,41.0,1.0,1,False,25.06590909090909,39.25568181818182,45.86363636363637,1.005681818181818,0.1477272727272727
PIA,McLaren,2023,Monaco,30.0,78.363,HARD,30.0,1.0,1,False,25.06590909090909,39.25568181818182,45.86363636363637,1.005681818181818,0.1477272727272727
PIA,McLaren,2023,Monaco,47.0,77.513,HARD,47.0,1.0,1,True,25.06590909090909,39.25568181818182,45.86363636363637,1.005681818181818,0.1477272727272727
PIA,McLaren,2023,Monaco,2.0,81.804,HARD,2.0,1.0,1,True,25.06590909090909,39.25568181818182,45.86363636363637,1.005681818181818,0.1477272727272727
PIA,McLaren,2023,Monaco,22.0,79.025,HARD,22.0,1.0,1,False,25.06590909090909,39.25568181818182,45.86363636363637,1.005681818181818,0.1477272727272727
PIA,McLaren,2023,Monaco,3.0,80.532,HARD,3.0,1.0,1,True,25.06590909090909,39.25568181818182,45.86363636363637,1.005681818181818,0.1477272727272727
PIA,McLaren,2023,Monaco,42.0,78.065,HARD,42.0,1.0,1,False,25.06590909090909,39.25568181818182,45.86363636363637,1.005681818181818,0.1477272727272727
PIA,McLaren,2023,Monaco,40.0,78.184,HARD,40.0,1.0,1,False,25.06590909090909,39.25568181818182,45.86363636363637,1.005681818181818,0.1477272727272727
PIA,McLaren,2023,Monaco,70.0,88.82,INTERMEDIATE,16.0,2.0,1,False,25.06590909090909,39.25568181818182,45.86363636363637,1.005681818181818,0.1477272727272727
PIA,McLaren,2023,Monaco,64.0,98.53,INTERMEDIATE,10.0,2.0,1,False,25.06590909090909,39.25568181818182,45.86363636363637,1.005681818181818,0.1477272727272727
PIA,McLaren,2023,Monaco,55.0,106.026,INTERMEDIATE,1.0,2.0,21,False,25.06590909090909,39.25568181818182,45.86363636363637,1.005681818181818,0.1477272727272727
PIA,McLaren,2023,Monaco,63.0,98.882,INTERMEDIATE,9.0,2.0,1,False,25.06590909090909,39.25568181818182,45.86363636363637,1.005681818181818,0.1477272727272727
PIA,McLaren,2023,Monaco,72.0,88.016,INTERMEDIATE,18.0,2.0,1,False,25.06590909090909,39.25568181818182,45.86363636363637,1.005681818181818,0.1477272727272727
PIA,McLaren,2023,Monaco,67.0,96.653,INTERMEDIATE,13.0,2.0,1,False,25.06590909090909,39.25568181818182,45.86363636363637,1.005681818181818,0.1477272727272727
PIA,McLaren,2023,Monaco,56.0,103.482,INTERMEDIATE,2.0,2.0,1,False,25.06590909090909,39.25568181818182,45.86363636363637,1.005681818181818,0.1477272727272727
PIA,McLaren,2023,Monaco,68.0,91.909,INTERMEDIATE,14.0,2.0,12,False,25.06590909090909,39.25568181818182,45.86363636363637,1.005681818181818,0.1477272727272727
PIA,McLaren,2023,Monaco,60.0,101.431,INTERMEDIATE,6.0,2.0,12,False,25.06590909090909,39.25568181818182,45.86363636363637,1.005681818181818,0.1477272727272727
PIA,McLaren,2023,Monaco,57.0,103.431,INTERMEDIATE,3.0,2.0,12,False,25.06590909090909,39.25568181818182,45.86363636363637,1.005681818181818,0.1477272727272727
PIA,McLaren,2023,Monaco,66.0,94.942,INTERMEDIATE,12.0,2.0,1,False,25.06590909090909,39.25568181818182,45.86363636363637,1.005681818181818,0.1477272727272727
PIA,McLaren,2023,Monaco,75.0,86.143,INTERMEDIATE,21.0,2.0,1,False,25.06590909090909,39.25568181818182,45.86363636363637,1.005681818181818,0.1477272727272727
PIA,McLaren,2023,Monaco,58.0,103.803,INTERMEDIATE,4.0,2.0,12,False,25.06590909090909,39.25568181818182,45.86363636363637,1.005681818181818,0.1477272727272727
PIA,McLaren,2023,Monaco,59.0,102.379,INTERMEDIATE,5.0,2.0,12,False,25.06590909090909,39.25568181818182,45.86363636363637,1.005681818181818,0.1477272727272727
PIA,McLaren,2023,Monaco,73.0,87.443,INTERMEDIATE,19.0,2.0,1,False,25.06590909090909,39.25568181818182,45.86363636363637,1.005681818181818,0.1477272727272727
PIA,McLaren,2023,Monaco,71.0,87.67,INTERMEDIATE,17.0,2.0,1,False,25.06590909090909,39.25568181818182,45.86363636363637,1.005681818181818,0.1477272727272727
PIA,McLaren,2023,Monaco,76.0,85.615,INTERMEDIATE,22.0,2.0,1,False,25.06590909090909,39.25568181818182,45.86363636363637,1.005681818181818,0.1477272727272727
PIA,McLaren,2023,Monaco,77.0,84.785,INTERMEDIATE,23.0,2.0,1,False,25.06590909090909,39.25568181818182,45.86363636363637,1.005681818181818,0.1477272727272727
PIA,McLaren,2023,Monaco,62.0,99.78,INTERMEDIATE,8.0,2.0,1,False,25.06590909090909,39.25568181818182,45.86363636363637,1.005681818181818,0.1477272727272727
PIA,McLaren,2023,Monaco,65.0,97.419,INTERMEDIATE,11.0,2.0,1,False,25.06590909090909,39.25568181818182,45.86363636363637,1.005681818181818,0.1477272727272727
PIA,McLaren,2023,Monaco,69.0,91.253,INTERMEDIATE,15.0,2.0,1,False,25.06590909090909,39.25568181818182,45.86363636363637,1.005681818181818,0.1477272727272727
PIA,McLaren,2023,Monaco,74.0,86.185,INTERMEDIATE,20.0,2.0,1,False,25.06590909090909,39.25568181818182,45.86363636363637,1.005681818181818,0.1477272727272727
PIA,McLaren,2023,Monaco,61.0,101.089,INTERMEDIATE,7.0,2.0,1,False,25.06590909090909,39.25568181818182,45.86363636363637,1.005681818181818,0.1477272727272727
RUS,Mercedes,2023,Monaco,20.0,78.32,HARD,20.0,1.0,1,False,25.06590909090909,39.25568181818182,45.86363636363637,1.005681818181818,0.1477272727272727
RUS,Mercedes,2023,Monaco,50.0,77.635,HARD,50.0,1.0,1,False,25.06590909090909,39.25568181818182,45.86363636363637,1.005681818181818,0.1477272727272727
RUS,Mercedes,2023,Monaco,49.0,77.223,HARD,49.0,1.0,1,False,25.06590909090909,39.25568181818182,45.86363636363637,1.005681818181818,0.1477272727272727
RUS,Mercedes,2023,Monaco,13.0,77.787,HARD,13.0,1.0,1,True,25.06590909090909,39.25568181818182,45.86363636363637,1.005681818181818,0.1477272727272727
RUS,Mercedes,2023,Monaco,45.0,77.545,HARD,45.0,1.0,1,False,25.06590909090909,39.25568181818182,45.86363636363637,1.005681818181818,0.1477272727272727
RUS,Mercedes,2023,Monaco,6.0,78.945,HARD,6.0,1.0,1,False,25.06590909090909,39.25568181818182,45.86363636363637,1.005681818181818,0.1477272727272727
RUS,Mercedes,2023,Monaco,18.0,78.229,HARD,18.0,1.0,1,False,25.06590909090909,39.25568181818182,45.86363636363637,1.005681818181818,0.1477272727272727
RUS,Mercedes,2023,Monaco,53.0,88.625,HARD,53.0,1.0,1,False,25.06590909090909,39.25568181818182,45.86363636363637,1.005681818181818,0.1477272727272727
RUS,Mercedes,2023,Monaco,4.0,80.03,HARD,4.0,1.0,1,True,25.06590909090909,39.25568181818182,45.86363636363637,1.005681818181818,0.1477272727272727
RUS,Mercedes,2023,Monaco,33.0,77.556,HARD,33.0,1.0,1,False,25.06590909090909,39.25568181818182,45.86363636363637,1.005681818181818,0.1477272727272727
RUS,Mercedes,2023,Monaco,14.0,78.286,HARD,14.0,1.0,12,False,25.06590909090909,39.25568181818182,45.86363636363637,1.005681818181818,0.1477272727272727
RUS,Mercedes,2023,Monaco,9.0,79.025,HARD,9.0,1.0,1,False,25.06590909090909,39.25568181818182,45.86363636363637,1.005681818181818,0.1477272727272727
RUS,Mercedes,2023,Monaco,27.0,77.837,HARD,27.0,1.0,1,False,25.06590909090909,39.25568181818182,45.86363636363637,1.005681818181818,0.1477272727272727
RUS,Mercedes,2023,Monaco,7.0,78.583,HARD,7.0,1.0,1,True,25.06590909090909,39.25568181818182,45.86363636363637,1.005681818181818,0.1477272727272727
RUS,Mercedes,2023,Monaco,35.0,77.568,HARD,35.0,1.0,1,False,25.06590909090909,39.25568181818182,45.86363636363637,1.005681818181818,0.1477272727272727
RUS,Mercedes,2023,Monaco,5.0,78.84,HARD,5.0,1.0,1,True,25.06590909090909,39.25568181818182,45.86363636363637,1.005681818181818,0.1477272727272727
RUS,Mercedes,2023,Monaco,38.0,77.195,HARD,38.0,1.0,1,False,25.06590909090909,39.25568181818182,45.86363636363637,1.005681818181818,0.1477272727272727
RUS,Mercedes,2023,Monaco,25.0,77.648,HARD,25.0,1.0,1,True,25.06590909090909,39.25568181818182,45.86363636363637,1.005681818181818,0.1477272727272727
RUS,Mercedes,2023,Monaco,46.0,77.068,HARD,46.0,1.0,1,True,25.06590909090909,39.25568181818182,45.86363636363637,1.005681818181818,0.1477272727272727
RUS,Mercedes,2023,Monaco,34.0,77.569,HARD,34.0,1.0,1,False,25.06590909090909,39.25568181818182,45.86363636363637,1.005681818181818,0.1477272727272727
RUS,Mercedes,2023,Monaco,51.0,79.64,HARD,51.0,1.0,1,False,25.06590909090909,39.25568181818182,45.86363636363637,1.005681818181818,0.1477272727272727
RUS,Mercedes,2023,Monaco,16.0,78.502,HARD,16.0,1.0,1,False,25.06590909090909,39.25568181818182,45.86363636363637,1.005681818181818,0.1477272727272727
RUS,Mercedes,2023,Monaco,10.0,78.566,HARD,10.0,1.0,1,True,25.06590909090909,39.25568181818182,45.86363636363637,1.005681818181818,0.1477272727272727
RUS,Mercedes,2023,Monaco,17.0,78.244,HARD,17.0,1.0,1,False,25.06590909090909,39.25568181818182,45.86363636363637,1.005681818181818,0.1477272727272727
RUS,Mercedes,2023,Monaco,31.0,77.404,HARD,31.0,1.0,1,False,25.06590909090909,39.25568181818182,45.86363636363637,1.005681818181818,0.1477272727272727
RUS,Mercedes,2023,Monaco,37.0,77.335,HARD,37.0,1.0,1,False,25.06590909090909,39.25568181818182,45.86363636363637,1.005681818181818,0.1477272727272727
RUS,Mercedes,2023,Monaco,26.0,77.9,HARD,26.0,1.0,1,False,25.06590909090909,39.25568181818182,45.86363636363637,1.005681818181818,0.1477272727272727
RUS,Mercedes,2023,Monaco,12.0,78.459,HARD,12.0,1.0,12,True,25.06590909090909,39.25568181818182,45.86363636363637,1.005681818181818,0.1477272727272727
RUS,Mercedes,2023,Monaco,1.0,90.387,HARD,1.0,1.0,12,False,25.06590909090909,39.25568181818182,45.86363636363637,1.005681818181818,0.1477272727272727
RUS,Mercedes,2023,Monaco,48.0,76.798,HARD,48.0,1.0,1,True,25.06590909090909,39.25568181818182,45.86363636363637,1.005681818181818,0.1477272727272727
RUS,Mercedes,2023,Monaco,28.0,77.353,HARD,28.0,1.0,1,True,25.06590909090909,39.25568181818182,45.86363636363637,1.005681818181818,0.1477272727272727
RUS,Mercedes,2023,Monaco,32.0,77.474,HARD,32.0,1.0,1,False,25.06590909090909,39.25568181818182,45.86363636363637,1.005681818181818,0.1477272727272727
RUS,Mercedes,2023,Monaco,41.0,77.323,HARD,41.0,1.0,1,False,25.06590909090909,39.25568181818182,45.86363636363637,1.005681818181818,0.1477272727272727
RUS,Mercedes,2023,Monaco,30.0,77.3,HARD,30.0,1.0,1,True,25.06590909090909,39.25568181818182,45.86363636363637,1.005681818181818,0.1477272727272727
RUS,Mercedes,2023,Monaco,47.0,77.06,HARD,47.0,1.0,1,True,25.06590909090909,39.25568181818182,45.86363636363637,1.005681818181818,0.1477272727272727
RUS,Mercedes,2023,Monaco,2.0,81.155,HARD,2.0,1.0,1,True,25.06590909090909,39.25568181818182,45.86363636363637,1.005681818181818,0.1477272727272727
RUS,Mercedes,2023,Monaco,22.0,77.879,HARD,22.0,1.0,1,False,25.06590909090909,39.25568181818182,45.86363636363637,1.005681818181818,0.1477272727272727
RUS,Mercedes,2023,Monaco,3.0,80.291,HARD,3.0,1.0,1,True,25.06590909090909,39.25568181818182,45.86363636363637,1.005681818181818,0.1477272727272727
RUS,Mercedes,2023,Monaco,42.0,77.979,HARD,42.0,1.0,1,False,25.06590909090909,39.25568181818182,45.86363636363637,1.005681818181818,0.1477272727272727
RUS,Mercedes,2023,Monaco,40.0,77.215,HARD,40.0,1.0,1,False,25.06590909090909,39.25568181818182,45.86363636363637,1.005681818181818,0.1477272727272727
RUS,Mercedes,2023,Monaco,63.0,99.713,INTERMEDIATE,9.0,2.0,1,False,25.06590909090909,39.25568181818182,45.86363636363637,1.005681818181818,0.1477272727272727
RUS,Mercedes,2023,Monaco,71.0,90.709,INTERMEDIATE,17.0,2.0,1,False,25.06590909090909,39.25568181818182,45.86363636363637,1.005681818181818,0.1477272727272727
RUS,Mercedes,2023,Monaco,55.0,115.804,INTERMEDIATE,1.0,2.0,12,False,25.06590909090909,39.25568181818182,45.86363636363637,1.005681818181818,0.1477272727272727
RUS,Mercedes,2023,Monaco,73.0,88.921,INTERMEDIATE,19.0,2.0,1,False,25.06590909090909,39.25568181818182,45.86363636363637,1.005681818181818,0.1477272727272727
RUS,Mercedes,2023,Monaco,66.0,95.991,INTERMEDIATE,12.0,2.0,1,False,25.06590909090909,39.25568181818182,45.86363636363637,1.005681818181818,0.1477272727272727
RUS,Mercedes,2023,Monaco,64.0,98.229,INTERMEDIATE,10.0,2.0,1,False,25.06590909090909,39.25568181818182,45.86363636363637,1.005681818181818,0.1477272727272727
RUS,Mercedes,2023,Monaco,68.0,93.647,INTERMEDIATE,14.0,2.0,1,False,25.06590909090909,39.25568181818182,45.86363636363637,1.005681818181818,0.1477272727272727
RUS,Mercedes,2023,Monaco,56.0,101.302,INTERMEDIATE,2.0,2.0,21,False,25.06590909090909,39.25568181818182,45.86363636363637,1.005681818181818,0.1477272727272727
RUS,Mercedes,2023,Monaco,76.0,85.436,INTERMEDIATE,22.0,2.0,1,False,25.06590909090909,39.25568181818182,45.86363636363637,1.005681818181818,0.1477272727272727
RUS,Mercedes,2023,Monaco,60.0,103.53,INTERMEDIATE,6.0,2.0,21,False,25.06590909090909,39.25568181818182,45.86363636363637,1.005681818181818,0.1477272727272727
RUS,Mercedes,2023,Monaco,57.0,103.554,INTERMEDIATE,3.0,2.0,1,False,25.06590909090909,39.25568181818182,45.86363636363637,1.005681818181818,0.1477272727272727
RUS,Mercedes,2023,Monaco,67.0,94.751,INTERMEDIATE,13.0,2.0,1,False,25.06590909090909,39.25568181818182,45.86363636363637,1.005681818181818,0.1477272727272727
RUS,Mercedes,2023,Monaco,70.0,90.929,INTERMEDIATE,16.0,2.0,1,False,25.06590909090909,39.25568181818182,45.86363636363637,1.005681818181818,0.1477272727272727
RUS,Mercedes,2023,Monaco,58.0,102.155,INTERMEDIATE,4.0,2.0,12,False,25.06590909090909,39.25568181818182,45.86363636363637,1.005681818181818,0.1477272727272727
RUS,Mercedes,2023,Monaco,59.0,103.463,INTERMEDIATE,5.0,2.0,12,False,25.06590909090909,39.25568181818182,45.86363636363637,1.005681818181818,0.1477272727272727
RUS,Mercedes,2023,Monaco,77.0,86.978,INTERMEDIATE,23.0,2.0,1,False,25.06590909090909,39.25568181818182,45.86363636363637,1.005681818181818,0.1477272727272727
RUS,Mercedes,2023,Monaco,72.0,90.012,INTERMEDIATE,18.0,2.0,1,False,25.06590909090909,39.25568181818182,45.86363636363637,1.005681818181818,0.1477272727272727
RUS,Mercedes,2023,Monaco,75.0,86.399,INTERMEDIATE,21.0,2.0,1,False,25.06590909090909,39.25568181818182,45.86363636363637,1.005681818181818,0.1477272727272727
RUS,Mercedes,2023,Monaco,78.0,87.209,INTERMEDIATE,24.0,2.0,1,False,25.06590909090909,39.25568181818182,45.86363636363637,1.005681818181818,0.1477272727272727
RUS,Mercedes,2023,Monaco,62.0,101.104,INTERMEDIATE,8.0,2.0,1,False,25.06590909090909,39.25568181818182,45.86363636363637,1.005681818181818,0.1477272727272727
RUS,Mercedes,2023,Monaco,65.0,96.696,INTERMEDIATE,11.0,2.0,1,False,25.06590909090909,39.25568181818182,45.86363636363637,1.005681818181818,0.1477272727272727
RUS,Mercedes,2023,Monaco,69.0,93.734,INTERMEDIATE,15.0,2.0,12,False,25.06590909090909,39.25568181818182,45.86363636363637,1.005681818181818,0.1477272727272727
RUS,Mercedes,2023,Monaco,74.0,87.787,INTERMEDIATE,20.0,2.0,1,False,25.06590909090909,39.25568181818182,45.86363636363637,1.005681818181818,0.1477272727272727
RUS,Mercedes,2023,Monaco,61.0,101.329,INTERMEDIATE,7.0,2.0,12,False,25.06590909090909,39.25568181818182,45.86363636363637,1.005681818181818,0.1477272727272727
SAI,Ferrari,2023,Monaco,32.0,77.18,HARD,32.0,1.0,1,False,25.06590909090909,39.25568181818182,45.86363636363637,1.005681818181818,0.1477272727272727
SAI,Ferrari,2023,Monaco,16.0,78.239,HARD,16.0,1.0,1,False,25.06590909090909,39.25568181818182,45.86363636363637,1.005681818181818,0.1477272727272727
SAI,Ferrari,2023,Monaco,27.0,77.318,HARD,27.0,1.0,1,True,25.06590909090909,39.25568181818182,45.86363636363637,1.005681818181818,0.1477272727272727
SAI,Ferrari,2023,Monaco,18.0,78.178,HARD,18.0,1.0,1,False,25.06590909090909,39.25568181818182,45.86363636363637,1.005681818181818,0.1477272727272727
SAI,Ferrari,2023,Monaco,9.0,78.306,HARD,9.0,1.0,1,True,25.06590909090909,39.25568181818182,45.86363636363637,1.005681818181818,0.1477272727272727
SAI,Ferrari,2023,Monaco,10.0,78.07,HARD,10.0,1.0,1,True,25.06590909090909,39.25568181818182,45.86363636363637,1.005681818181818,0.1477272727272727
SAI,Ferrari,2023,Monaco,20.0,78.032,HARD,20.0,1.0,1,False,25.06590909090909,39.25568181818182,45.86363636363637,1.005681818181818,0.1477272727272727
SAI,Ferrari,2023,Monaco,22.0,78.007,HARD,22.0,1.0,1,False,25.06590909090909,39.25568181818182,45.86363636363637,1.005681818181818,0.1477272727272727
SAI,Ferrari,2023,Monaco,13.0,78.286,HARD,13.0,1.0,1,False,25.06590909090909,39.25568181818182,45.86363636363637,1.005681818181818,0.1477272727272727
SAI,Ferrari,2023,Monaco,1.0,87.39,HARD,1.0,1.0,12,False,25.06590909090909,39.25568181818182,45.86363636363637,1.005681818181818,0.1477272727272727
SAI,Ferrari,2023,Monaco,5.0,78.723,HARD,5.0,1.0,1,True,25.06590909090909,39.25568181818182,45.86363636363637,1.005681818181818,0.1477272727272727
SAI,Ferrari,2023,Monaco,17.0,78.36,HARD,17.0,1.0,1,False,25.06590909090909,39.25568181818182,45.86363636363637,1.005681818181818,0.1477272727272727
SAI,Ferrari,2023,Monaco,6.0,78.764,HARD,6.0,1.0,1,False,25.06590909090909,39.25568181818182,45.86363636363637,1.005681818181818,0.1477272727272727
SAI,Ferrari,2023,Monaco,14.0,78.107,HARD,14.0,1.0,12,False,25.06590909090909,39.25568181818182,45.86363636363637,1.005681818181818,0.1477272727272727
SAI,Ferrari,2023,Monaco,12.0,78.947,HARD,12.0,1.0,12,False,25.06590909090909,39.25568181818182,45.86363636363637,1.005681818181818,0.1477272727272727
SAI,Ferrari,2023,Monaco,25.0,77.464,HARD,25.0,1.0,1,True,25.06590909090909,39.25568181818182,45.86363636363637,1.005681818181818,0.1477272727272727
SAI,Ferrari,2023,Monaco,2.0,80.593,HARD,2.0,1.0,1,True,25.06590909090909,39.25568181818182,45.86363636363637,1.005681818181818,0.1477272727272727
SAI,Ferrari,2023,Monaco,3.0,79.958,HARD,3.0,1.0,1,True,25.06590909090909,39.25568181818182,45.86363636363637,1.005681818181818,0.1477272727272727
SAI,Ferrari,2023,Monaco,30.0,77.22,HARD,30.0,1.0,1,False,25.06590909090909,39.25568181818182,45.86363636363637,1.005681818181818,0.1477272727272727
SAI,Ferrari,2023,Monaco,4.0,79.482,HARD,4.0,1.0,1,True,25.06590909090909,39.25568181818182,45.86363636363637,1.005681818181818,0.1477272727272727
SAI,Ferrari,2023,Monaco,28.0,77.316,HARD,28.0,1.0,1,True,25.06590909090909,39.25568181818182,45.86363636363637,1.005681818181818,0.1477272727272727
SAI,Ferrari,2023,Monaco,24.0,77.912,HARD,24.0,1.0,1,False,25.06590909090909,39.25568181818182,45.86363636363637,1.005681818181818,0.1477272727272727
SAI,Ferrari,2023,Monaco,31.0,77.465,HARD,31.0,1.0,1,False,25.06590909090909,39.25568181818182,45.86363636363637,1.005681818181818,0.1477272727272727
SAI,Ferrari,2023,Monaco,23.0,78.006,HARD,23.0,1.0,1,False,25.06590909090909,39.25568181818182,45.86363636363637,1.005681818181818,0.1477272727272727
SAI,Ferrari,2023,Monaco,19.0,77.999,HARD,19.0,1.0,1,False,25.06590909090909,39.25568181818182,45.86363636363637,1.005681818181818,0.1477272727272727
SAI,Ferrari,2023,Monaco,26.0,77.366,HARD,26.0,1.0,1,True,25.06590909090909,39.25568181818182,45.86363636363637,1.005681818181818,0.1477272727272727
SAI,Ferrari,2023,Monaco,7.0,78.697,HARD,7.0,1.0,1,True,25.06590909090909,39.25568181818182,45.86363636363637,1.005681818181818,0.1477272727272727
SAI,Ferrari,2023,Monaco,21.0,78.006,HARD,21.0,1.0,1,False,25.06590909090909,39.25568181818182,45.86363636363637,1.005681818181818,0.1477272727272727
SAI,Ferrari,2023,Monaco,33.0,93.612,HARD,33.0,1.0,1,False,25.06590909090909,39.25568181818182,45.86363636363637,1.005681818181818,0.1477272727272727
SAI,Ferrari,2023,Monaco,8.0,78.637,HARD,8.0,1.0,1,True,25.06590909090909,39.25568181818182,45.86363636363637,1.005681818181818,0.1477272727272727
SAI,Ferrari,2023,Monaco,11.0,78.265,HARD,11.0,1.0,1,False,25.06590909090909,39.25568181818182,45.86363636363637,1.005681818181818,0.1477272727272727
SAI,Ferrari,2023,Monaco,15.0,77.883,HARD,15.0,1.0,1,True,25.06590909090909,39.25568181818182,45.86363636363637,1.005681818181818,0.1477272727272727
SAI,Ferrari,2023,Monaco,29.0,77.171,HARD,29.0,1.0,1,True,25.06590909090909,39.25568181818182,45.86363636363637,1.005681818181818,0.1477272727272727
SAI,Ferrari,2023,Monaco,71.0,89.92,INTERMEDIATE,16.0,3.0,1,False,25.06590909090909,39.25568181818182,45.86363636363637,1.005681818181818,0.1477272727272727
SAI,Ferrari,2023,Monaco,65.0,97.838,INTERMEDIATE,10.0,3.0,1,False,25.06590909090909,39.25568181818182,45.86363636363637,1.005681818181818,0.1477272727272727
SAI,Ferrari,2023,Monaco,56.0,102.32,INTERMEDIATE,1.0,3.0,21,False,25.06590909090909,39.25568181818182,45.86363636363637,1.005681818181818,0.1477272727272727
SAI,Ferrari,2023,Monaco,64.0,99.306,INTERMEDIATE,9.0,3.0,1,False,25.06590909090909,39.25568181818182,45.86363636363637,1.005681818181818,0.1477272727272727
SAI,Ferrari,2023,Monaco,73.0,87.84,INTERMEDIATE,18.0,3.0,1,False,25.06590909090909,39.25568181818182,45.86363636363637,1.005681818181818,0.1477272727272727
SAI,Ferrari,2023,Monaco,68.0,93.322,INTERMEDIATE,13.0,3.0,12,False,25.06590909090909,39.25568181818182,45.86363636363637,1.005681818181818,0.1477272727272727
SAI,Ferrari,2023,Monaco,57.0,101.192,INTERMEDIATE,2.0,3.0,1,False,25.06590909090909,39.25568181818182,45.86363636363637,1.005681818181818,0.1477272727272727
SAI,Ferrari,2023,Monaco,69.0,95.394,INTERMEDIATE,14.0,3.0,21,False,25.06590909090909,39.25568181818182,45.86363636363637,1.005681818181818,0.1477272727272727
SAI,Ferrari,2023,Monaco,61.0,102.633,INTERMEDIATE,6.0,3.0,12,False,25.06590909090909,39.25568181818182,45.86363636363637,1.005681818181818,0.1477272727272727
SAI,Ferrari,2023,Monaco,58.0,103.462,INTERMEDIATE,3.0,3.0,12,False,25.06590909090909,39.25568181818182,45.86363636363637,1.005681818181818,0.1477272727272727
SAI,Ferrari,2023,Monaco,67.0,94.999,INTERMEDIATE,12.0,3.0,1,False,25.06590909090909,39.25568181818182,45.86363636363637,1.005681818181818,0.1477272727272727
SAI,Ferrari,2023,Monaco,76.0,85.776,INTERMEDIATE,21.0,3.0,1,False,25.06590909090909,39.25568181818182,45.86363636363637,1.005681818181818,0.1477272727272727
SAI,Ferrari,2023,Monaco,59.0,102.82,INTERMEDIATE,4.0,3.0,12,False,25.06590909090909,39.25568181818182,45.86363636363637,1.005681818181818,0.1477272727272727
SAI,Ferrari,2023,Monaco,60.0,103.041,INTERMEDIATE,5.0,3.0,21,False,25.06590909090909,39.25568181818182,45.86363636363637,1.005681818181818,0.1477272727272727
SAI,Ferrari,2023,Monaco,74.0,88.585,INTERMEDIATE,19.0,3.0,1,False,25.06590909090909,39.25568181818182,45.86363636363637,1.005681818181818,0.1477272727272727
SAI,Ferrari,2023,Monaco,72.0,89.849,INTERMEDIATE,17.0,3.0,1,False,25.06590909090909,39.25568181818182,45.86363636363637,1.005681818181818,0.1477272727272727
SAI,Ferrari,2023,Monaco,77.0,85.579,INTERMEDIATE,22.0,3.0,1,False,25.06590909090909,39.25568181818182,45.86363636363637,1.005681818181818,0.1477272727272727
SAI,Ferrari,2023,Monaco,78.0,86.283,INTERMEDIATE,23.0,3.0,1,False,25.06590909090909,39.25568181818182,45.86363636363637,1.005681818181818,0.1477272727272727
SAI,Ferrari,2023,Monaco,63.0,99.899,INTERMEDIATE,8.0,3.0,1,False,25.06590909090909,39.25568181818182,45.86363636363637,1.005681818181818,0.1477272727272727
SAI,Ferrari,2023,Monaco,66.0,96.238,INTERMEDIATE,11.0,3.0,1,False,25.06590909090909,39.25568181818182,45.86363636363637,1.005681818181818,0.1477272727272727
SAI,Ferrari,2023,Monaco,70.0,92.13,INTERMEDIATE,15.0,3.0,1,False,25.06590909090909,39.25568181818182,45.86363636363637,1.005681818181818,0.1477272727272727
SAI,Ferrari,2023,Monaco,75.0,86.388,INTERMEDIATE,20.0,3.0,1,False,25.06590909090909,39.25568181818182,45.86363636363637,1.005681818181818,0.1477272727272727
SAI,Ferrari,2023,Monaco,62.0,100.78,INTERMEDIATE,7.0,3.0,1,False,25.06590909090909,39.25568181818182,45.86363636363637,1.005681818181818,0.1477272727272727
SAI,Ferrari,2023,Monaco,34.0,80.767,MEDIUM,1.0,2.0,1,False,25.06590909090909,39.25568181818182,45.86363636363637,1.005681818181818,0.1477272727272727
SAI,Ferrari,2023,Monaco,47.0,76.732,MEDIUM,14.0,2.0,1,False,25.06590909090909,39.25568181818182,45.86363636363637,1.005681818181818,0.1477272727272727
SAI,Ferrari,2023,Monaco,42.0,76.467,MEDIUM,9.0,2.0,1,True,25.06590909090909,39.25568181818182,45.86363636363637,1.005681818181818,0.1477272727272727
SAI,Ferrari,2023,Monaco,35.0,76.628,MEDIUM,2.0,2.0,1,True,25.06590909090909,39.25568181818182,45.86363636363637,1.005681818181818,0.1477272727272727
SAI,Ferrari,2023,Monaco,49.0,77.014,MEDIUM,16.0,2.0,1,False,25.06590909090909,39.25568181818182,45.86363636363637,1.005681818181818,0.1477272727272727
SAI,Ferrari,2023,Monaco,39.0,77.175,MEDIUM,6.0,2.0,1,False,25.06590909090909,39.25568181818182,45.86363636363637,1.005681818181818,0.1477272727272727
SAI,Ferrari,2023,Monaco,54.0,97.315,MEDIUM,21.0,2.0,1,False,25.06590909090909,39.25568181818182,45.86363636363637,1.005681818181818,0.1477272727272727
SAI,Ferrari,2023,Monaco,45.0,77.146,MEDIUM,12.0,2.0,1,False,25.06590909090909,39.25568181818182,45.86363636363637,1.005681818181818,0.1477272727272727
SAI,Ferrari,2023,Monaco,37.0,77.565,MEDIUM,4.0,2.0,1,False,25.06590909090909,39.25568181818182,45.86363636363637,1.005681818181818,0.1477272727272727
SAI,Ferrari,2023,Monaco,38.0,76.786,MEDIUM,5.0,2.0,1,False,25.06590909090909,39.25568181818182,45.86363636363637,1.005681818181818,0.1477272727272727
SAI,Ferrari,2023,Monaco,51.0,79.013,MEDIUM,18.0,2.0,1,False,25.06590909090909,39.25568181818182,45.86363636363637,1.005681818181818,0.1477272727272727
SAI,Ferrari,2023,Monaco,46.0,77.22,MEDIUM,13.0,2.0,1,False,25.06590909090909,39.25568181818182,45.86363636363637,1.005681818181818,0.1477272727272727
SAI,Ferrari,2023,Monaco,52.0,86.201,MEDIUM,19.0,2.0,1,False,25.06590909090909,39.25568181818182,45.86363636363637,1.005681818181818,0.1477272727272727
SAI,Ferrari,2023,Monaco,50.0,76.917,MEDIUM,17.0,2.0,1,False,25.06590909090909,39.25568181818182,45.86363636363637,1.005681818181818,0.1477272727272727
SAI,Ferrari,2023,Monaco,36.0,77.979,MEDIUM,3.0,2.0,1,False,25.06590909090909,39.25568181818182,45.86363636363637,1.005681818181818,0.1477272727272727
SAI,Ferrari,2023,Monaco,43.0,76.449,MEDIUM,10.0,2.0,1,True,25.06590909090909,39.25568181818182,45.86363636363637,1.005681818181818,0.1477272727272727
SAI,Ferrari,2023,Monaco,55.0,139.381,MEDIUM,22.0,2.0,12,False,25.06590909090909,39.25568181818182,45.86363636363637,1.005681818181818,0.1477272727272727
SAI,Ferrari,2023,Monaco,41.0,76.651,MEDIUM,8.0,2.0,1,False,25.06590909090909,39.25568181818182,45.86363636363637,1.005681818181818,0.1477272727272727
SAI,Ferrari,2023,Monaco,44.0,77.76,MEDIUM,11.0,2.0,1,False,25.06590909090909,39.25568181818182,45.86363636363637,1.005681818181818,0.1477272727272727
SAI,Ferrari,2023,Monaco,48.0,76.561,MEDIUM,15.0,2.0,1,False,25.06590909090909,39.25568181818182,45.86363636363637,1.005681818181818,0.1477272727272727
SAI,Ferrari,2023,Monaco,53.0,90.068,MEDIUM,20.0,2.0,1,False,25.06590909090909,39.25568181818182,45.86363636363637,1.005681818181818,0.1477272727272727
SAI,Ferrari,2023,Monaco,40.0,77.023,MEDIUM,7.0,2.0,1,False,25.06590909090909,39.25568181818182,45.86363636363637,1.005681818181818,0.1477272727272727
SAR,Williams,2023,Monaco,21.0,81.646,HARD,1.0,2.0,1,False,25.06590909090909,39.25568181818182,45.86363636363637,1.005681818181818,0.1477272727272727
SAR,Williams,2023,Monaco,22.0,77.483,HARD,2.0,2.0,1,True,25.06590909090909,39.25568181818182,45.86363636363637,1.005681818181818,0.1477272727272727
SAR,Williams,2023,Monaco,23.0,98.195,HARD,3.0,2.0,1,False,25.06590909090909,39.25568181818182,45.86363636363637,1.005681818181818,0.1477272727272727
SAR,Williams,2023,Monaco,61.0,100.969,INTERMEDIATE,9.0,4.0,1,False,25.06590909090909,39.25568181818182,45.86363636363637,1.005681818181818,0.1477272727272727
SAR,Williams,2023,Monaco,69.0,93.193,INTERMEDIATE,17.0,4.0,1,False,25.06590909090909,39.25568181818182,45.86363636363637,1.005681818181818,0.1477272727272727
SAR,Williams,2023,Monaco,53.0,102.041,INTERMEDIATE,1.0,4.0,12,False,25.06590909090909,39.25568181818182,45.86363636363637,1.005681818181818,0.1477272727272727
SAR,Williams,2023,Monaco,71.0,89.015,INTERMEDIATE,19.0,4.0,1,False,25.06590909090909,39.25568181818182,45.86363636363637,1.005681818181818,0.1477272727272727
SAR,Williams,2023,Monaco,64.0,98.302,INTERMEDIATE,12.0,4.0,1,False,25.06590909090909,39.25568181818182,45.86363636363637,1.005681818181818,0.1477272727272727
SAR,Williams,2023,Monaco,62.0,99.586,INTERMEDIATE,10.0,4.0,1,False,25.06590909090909,39.25568181818182,45.86363636363637,1.005681818181818,0.1477272727272727
SAR,Williams,2023,Monaco,66.0,96.293,INTERMEDIATE,14.0,4.0,1,False,25.06590909090909,39.25568181818182,45.86363636363637,1.005681818181818,0.1477272727272727
SAR,Williams,2023,Monaco,54.0,98.806,INTERMEDIATE,2.0,4.0,21,False,25.06590909090909,39.25568181818182,45.86363636363637,1.005681818181818,0.1477272727272727
SAR,Williams,2023,Monaco,74.0,87.954,INTERMEDIATE,22.0,4.0,1,False,25.06590909090909,39.25568181818182,45.86363636363637,1.005681818181818,0.1477272727272727
SAR,Williams,2023,Monaco,58.0,102.599,INTERMEDIATE,6.0,4.0,12,False,25.06590909090909,39.25568181818182,45.86363636363637,1.005681818181818,0.1477272727272727
SAR,Williams,2023,Monaco,55.0,101.078,INTERMEDIATE,3.0,4.0,1,False,25.06590909090909,39.25568181818182,45.86363636363637,1.005681818181818,0.1477272727272727
SAR,Williams,2023,Monaco,65.0,98.073,INTERMEDIATE,13.0,4.0,1,False,25.06590909090909,39.25568181818182,45.86363636363637,1.005681818181818,0.1477272727272727
SAR,Williams,2023,Monaco,68.0,91.921,INTERMEDIATE,16.0,4.0,1,False,25.06590909090909,39.25568181818182,45.86363636363637,1.005681818181818,0.1477272727272727
SAR,Williams,2023,Monaco,56.0,102.285,INTERMEDIATE,4.0,4.0,12,False,25.06590909090909,39.25568181818182,45.86363636363637,1.005681818181818,0.1477272727272727
SAR,Williams,2023,Monaco,57.0,118.063,INTERMEDIATE,5.0,4.0,12,False,25.06590909090909,39.25568181818182,45.86363636363637,1.005681818181818,0.1477272727272727
SAR,Williams,2023,Monaco,75.0,87.968,INTERMEDIATE,23.0,4.0,1,False,25.06590909090909,39.25568181818182,45.86363636363637,1.005681818181818,0.1477272727272727
SAR,Williams,2023,Monaco,70.0,118.263,INTERMEDIATE,18.0,4.0,1,False,25.06590909090909,39.25568181818182,45.86363636363637,1.005681818181818,0.1477272727272727
SAR,Williams,2023,Monaco,73.0,87.137,INTERMEDIATE,21.0,4.0,1,False,25.06590909090909,39.25568181818182,45.86363636363637,1.005681818181818,0.1477272727272727
SAR,Williams,2023,Monaco,76.0,89.076,INTERMEDIATE,24.0,4.0,1,False,25.06590909090909,39.25568181818182,45.86363636363637,1.005681818181818,0.1477272727272727
SAR,Williams,2023,Monaco,60.0,102.558,INTERMEDIATE,8.0,4.0,1,False,25.06590909090909,39.25568181818182,45.86363636363637,1.005681818181818,0.1477272727272727
SAR,Williams,2023,Monaco,63.0,103.289,INTERMEDIATE,11.0,4.0,1,False,25.06590909090909,39.25568181818182,45.86363636363637,1.005681818181818,0.1477272727272727
SAR,Williams,2023,Monaco,67.0,99.467,INTERMEDIATE,15.0,4.0,12,False,25.06590909090909,39.25568181818182,45.86363636363637,1.005681818181818,0.1477272727272727
SAR,Williams,2023,Monaco,72.0,92.354,INTERMEDIATE,20.0,4.0,1,False,25.06590909090909,39.25568181818182,45.86363636363637,1.005681818181818,0.1477272727272727
SAR,Williams,2023,Monaco,59.0,103.687,INTERMEDIATE,7.0,4.0,12,False,25.06590909090909,39.25568181818182,45.86363636363637,1.005681818181818,0.1477272727272727
SAR,Williams,2023,Monaco,1.0,97.689,MEDIUM,1.0,1.0,12,False,25.06590909090909,39.25568181818182,45.86363636363637,1.005681818181818,0.1477272727272727
SAR,Williams,2023,Monaco,18.0,81.41,MEDIUM,18.0,1.0,1,False,25.06590909090909,39.25568181818182,45.86363636363637,1.005681818181818,0.1477272727272727
SAR,Williams,2023,Monaco,16.0,80.471,MEDIUM,16.0,1.0,1,False,25.06590909090909,39.25568181818182,45.86363636363637,1.005681818181818,0.1477272727272727
SAR,Williams,2023,Monaco,2.0,79.658,MEDIUM,2.0,1.0,1,True,25.06590909090909,39.25568181818182,45.86363636363637,1.005681818181818,0.1477272727272727
SAR,Williams,2023,Monaco,9.0,79.529,MEDIUM,9.0,1.0,1,False,25.06590909090909,39.25568181818182,45.86363636363637,1.005681818181818,0.1477272727272727
SAR,Williams,2023,Monaco,6.0,79.312,MEDIUM,6.0,1.0,1,True,25.06590909090909,39.25568181818182,45.86363636363637,1.005681818181818,0.1477272727272727
SAR,Williams,2023,Monaco,12.0,80.638,MEDIUM,12.0,1.0,21,False,25.06590909090909,39.25568181818182,45.86363636363637,1.005681818181818,0.1477272727272727
SAR,Williams,2023,Monaco,4.0,80.246,MEDIUM,4.0,1.0,1,False,25.06590909090909,39.25568181818182,45.86363636363637,1.005681818181818,0.1477272727272727
SAR,Williams,2023,Monaco,19.0,82.328,MEDIUM,19.0,1.0,1,False,25.06590909090909,39.25568181818182,45.86363636363637,1.005681818181818,0.1477272727272727
SAR,Williams,2023,Monaco,17.0,83.236,MEDIUM,17.0,1.0,1,False,25.06590909090909,39.25568181818182,45.86363636363637,1.005681818181818,0.1477272727272727
SAR,Williams,2023,Monaco,14.0,80.318,MEDIUM,14.0,1.0,12,False,25.06590909090909,39.25568181818182,45.86363636363637,1.005681818181818,0.1477272727272727
SAR,Williams,2023,Monaco,3.0,80.219,MEDIUM,3.0,1.0,1,False,25.06590909090909,39.25568181818182,45.86363636363637,1.005681818181818,0.1477272727272727
SAR,Williams,2023,Monaco,10.0,80.334,MEDIUM,10.0,1.0,1,False,25.06590909090909,39.25568181818182,45.86363636363637,1.005681818181818,0.1477272727272727
SAR,Williams,2023,Monaco,20.0,97.211,MEDIUM,20.0,1.0,1,False,25.06590909090909,39.25568181818182,45.86363636363637,1.005681818181818,0.1477272727272727
SAR,Williams,2023,Monaco,5.0,80.214,MEDIUM,5.0,1.0,1,False,25.06590909090909,39.25568181818182,45.86363636363637,1.005681818181818,0.1477272727272727
SAR,Williams,2023,Monaco,13.0,80.702,MEDIUM,13.0,1.0,1,False,25.06590909090909,39.25568181818182,45.86363636363637,1.005681818181818,0.1477272727272727
SAR,Williams,2023,Monaco,8.0,78.947,MEDIUM,8.0,1.0,1,True,25.06590909090909,39.25568181818182,45.86363636363637,1.005681818181818,0.1477272727272727
SAR,Williams,2023,Monaco,11.0,80.089,MEDIUM,11.0,1.0,12,False,25.06590909090909,39.25568181818182,45.86363636363637,1.005681818181818,0.1477272727272727
SAR,Williams,2023,Monaco,15.0,80.28,MEDIUM,15.0,1.0,1,False,25.06590909090909,39.25568181818182,45.86363636363637,1.005681818181818,0.1477272727272727
SAR,Williams,2023,Monaco,7.0,79.239,MEDIUM,7.0,1.0,1,True,25.06590909090909,39.25568181818182,45.86363636363637,1.005681818181818,0.1477272727272727
SAR,Williams,2023,Monaco,51.0,92.385,SOFT,28.0,3.0,1,False,25.06590909090909,39.25568181818182,45.86363636363637,1.005681818181818,0.1477272727272727
SAR,Williams,2023,Monaco,40.0,79.469,SOFT,17.0,3.0,1,False,25.06590909090909,39.25568181818182,45.86363636363637,1.005681818181818,0.1477272727272727
SAR,Williams,2023,Monaco,36.0,77.372,SOFT,13.0,3.0,1,False,25.06590909090909,39.25568181818182,45.86363636363637,1.005681818181818,0.1477272727272727
SAR,Williams,2023,Monaco,46.0,79.028,SOFT,23.0,3.0,1,False,25.06590909090909,39.25568181818182,45.86363636363637,1.005681818181818,0.1477272727272727
SAR,Williams,2023,Monaco,32.0,77.302,SOFT,9.0,3.0,1,True,25.06590909090909,39.25568181818182,45.86363636363637,1.005681818181818,0.1477272727272727
SAR,Williams,2023,Monaco,33.0,77.344,SOFT,10.0,3.0,1,False,25.06590909090909,39.25568181818182,45.86363636363637,1.005681818181818,0.1477272727272727
SAR,Williams,2023,Monaco,45.0,79.618,SOFT,22.0,3.0,1,False,25.06590909090909,39.25568181818182,45.86363636363637,1.005681818181818,0.1477272727272727
SAR,Williams,2023,Monaco,24.0,80.682,SOFT,1.0,3.0,1,False,25.06590909090909,39.25568181818182,45.86363636363637,1.005681818181818,0.1477272727272727
SAR,Williams,2023,Monaco,50.0,83.12,SOFT,27.0,3.0,1,False,25.06590909090909,39.25568181818182,45.86363636363637,1.005681818181818,0.1477272727272727
SAR,Williams,2023,Monaco,37.0,77.383,SOFT,14.0,3.0,1,False,25.06590909090909,39.25568181818182,45.86363636363637,1.005681818181818,0.1477272727272727
SAR,Williams,2023,Monaco,39.0,81.035,SOFT,16.0,3.0,1,False,25.06590909090909,39.25568181818182,45.86363636363637,1.005681818181818,0.1477272727272727
SAR,Williams,2023,Monaco,35.0,78.638,SOFT,12.0,3.0,1,False,25.06590909090909,39.25568181818182,45.86363636363637,1.005681818181818,0.1477272727272727
SAR,Williams,2023,Monaco,41.0,78.519,SOFT,18.0,3.0,1,False,25.06590909090909,39.25568181818182,45.86363636363637,1.005681818181818,0.1477272727272727
SAR,Williams,2023,Monaco,25.0,77.894,SOFT,2.0,3.0,1,False,25.06590909090909,39.25568181818182,45.86363636363637,1.005681818181818,0.1477272727272727
SAR,Williams,2023,Monaco,28.0,77.74,SOFT,5.0,3.0,1,False,25.06590909090909,39.25568181818182,45.86363636363637,1.005681818181818,0.1477272727272727
SAR,Williams,2023,Monaco,29.0,77.753,SOFT,6.0,3.0,1,False,25.06590909090909,39.25568181818182,45.86363636363637,1.005681818181818,0.1477272727272727
SAR,Williams,2023,Monaco,26.0,78.033,SOFT,3.0,3.0,1,False,25.06590909090909,39.25568181818182,45.86363636363637,1.005681818181818,0.1477272727272727
SAR,Williams,2023,Monaco,48.0,79.212,SOFT,25.0,3.0,1,False,25.06590909090909,39.25568181818182,45.86363636363637,1.005681818181818,0.1477272727272727
SAR,Williams,2023,Monaco,27.0,77.875,SOFT,4.0,3.0,1,False,25.06590909090909,39.25568181818182,45.86363636363637,1.005681818181818,0.1477272727272727
SAR,Williams,2023,Monaco,47.0,78.91,SOFT,24.0,3.0,1,False,25.06590909090909,39.25568181818182,45.86363636363637,1.005681818181818,0.1477272727272727
SAR,Williams,2023,Monaco,49.0,82.128,SOFT,26.0,3.0,1,False,25.06590909090909,39.25568181818182,45.86363636363637,1.005681818181818,0.1477272727272727
SAR,Williams,2023,Monaco,42.0,78.625,SOFT,19.0,3.0,1,False,25.06590909090909,39.25568181818182,45.86363636363637,1.005681818181818,0.1477272727272727
SAR,Williams,2023,Monaco,52.0,117.918,SOFT,29.0,3.0,1,False,25.06590909090909,39.25568181818182,45.86363636363637,1.005681818181818,0.1477272727272727
SAR,Williams,2023,Monaco,44.0,82.125,SOFT,21.0,3.0,1,False,25.06590909090909,39.25568181818182,45.86363636363637,1.005681818181818,0.1477272727272727
SAR,Williams,2023,Monaco,31.0,77.493,SOFT,8.0,3.0,1,False,25.06590909090909,39.25568181818182,45.86363636363637,1.005681818181818,0.1477272727272727
SAR,Williams,2023,Monaco,34.0,77.666,SOFT,11.0,3.0,1,False,25.06590909090909,39.25568181818182,45.86363636363637,1.005681818181818,0.1477272727272727
SAR,Williams,2023,Monaco,38.0,80.017,SOFT,15.0,3.0,1,False,25.06590909090909,39.25568181818182,45.86363636363637,1.005681818181818,0.1477272727272727
SAR,Williams,2023,Monaco,43.0,78.773,SOFT,20.0,3.0,1,False,25.06590909090909,39.25568181818182,45.86363636363637,1.005681818181818,0.1477272727272727
SAR,Williams,2023,Monaco,30.0,77.535,SOFT,7.0,3.0,1,False,25.06590909090909,39.25568181818182,45.86363636363637,1.005681818181818,0.1477272727272727
STR,Aston Martin,2023,Monaco,44.0,78.533,HARD,45.0,1.0,1,False,25.06590909090909,39.25568181818182,45.86363636363637,1.005681818181818,0.1477272727272727
STR,Aston Martin,2023,Monaco,41.0,78.574,HARD,42.0,1.0,1,False,25.06590909090909,39.25568181818182,45.86363636363637,1.005681818181818,0.1477272727272727
STR,Aston Martin,2023,Monaco,47.0,79.033,HARD,48.0,1.0,1,False,25.06590909090909,39.25568181818182,45.86363636363637,1.005681818181818,0.1477272727272727
STR,Aston Martin,2023,Monaco,13.0,80.847,HARD,14.0,1.0,1,False,25.06590909090909,39.25568181818182,45.86363636363637,1.005681818181818,0.1477272727272727
STR,Aston Martin,2023,Monaco,25.0,79.058,HARD,26.0,1.0,1,False,25.06590909090909,39.25568181818182,45.86363636363637,1.005681818181818,0.1477272727272727
STR,Aston Martin,2023,Monaco,32.0,79.387,HARD,33.0,1.0,1,False,25.06590909090909,39.25568181818182,45.86363636363637,1.005681818181818,0.1477272727272727
STR,Aston Martin,2023,Monaco,18.0,77.769,HARD,19.0,1.0,1,True,25.06590909090909,39.25568181818182,45.86363636363637,1.005681818181818,0.1477272727272727
STR,Aston Martin,2023,Monaco,33.0,80.446,HARD,34.0,1.0,1,False,25.06590909090909,39.25568181818182,45.86363636363637,1.005681818181818,0.1477272727272727
STR,Aston Martin,2023,Monaco,4.0,79.998,HARD,5.0,1.0,1,False,25.06590909090909,39.25568181818182,45.86363636363637,1.005681818181818,0.1477272727272727
STR,Aston Martin,2023,Monaco,31.0,81.753,HARD,32.0,1.0,1,False,25.06590909090909,39.25568181818182,45.86363636363637,1.005681818181818,0.1477272727272727
STR,Aston Martin,2023,Monaco,14.0,80.295,HARD,15.0,1.0,12,False,25.06590909090909,39.25568181818182,45.86363636363637,1.005681818181818,0.1477272727272727
STR,Aston Martin,2023,Monaco,9.0,78.659,HARD,10.0,1.0,1,True,25.06590909090909,39.25568181818182,45.86363636363637,1.005681818181818,0.1477272727272727
STR,Aston Martin,2023,Monaco,50.0,80.218,HARD,51.0,1.0,1,False,25.06590909090909,39.25568181818182,45.86363636363637,1.005681818181818,0.1477272727272727
STR,Aston Martin,2023,Monaco,7.0,79.417,HARD,8.0,1.0,1,True,25.06590909090909,39.25568181818182,45.86363636363637,1.005681818181818,0.1477272727272727
STR,Aston Martin,2023,Monaco,48.0,78.573,HARD,49.0,1.0,1,False,25.06590909090909,39.25568181818182,45.86363636363637,1.005681818181818,0.1477272727272727
STR,Aston Martin,2023,Monaco,5.0,80.438,HARD,6.0,1.0,1,False,25.06590909090909,39.25568181818182,45.86363636363637,1.005681818181818,0.1477272727272727
STR,Aston Martin,2023,Monaco,37.0,78.76,HARD,38.0,1.0,1,False,25.06590909090909,39.25568181818182,45.86363636363637,1.005681818181818,0.1477272727272727
STR,Aston Martin,2023,Monaco,34.0,78.583,HARD,35.0,1.0,1,False,25.06590909090909,39.25568181818182,45.86363636363637,1.005681818181818,0.1477272727272727
STR,Aston Martin,2023,Monaco,20.0,78.061,HARD,21.0,1.0,1,False,25.06590909090909,39.25568181818182,45.86363636363637,1.005681818181818,0.1477272727272727
STR,Aston Martin,2023,Monaco,49.0,78.418,HARD,50.0,1.0,1,False,25.06590909090909,39.25568181818182,45.86363636363637,1.005681818181818,0.1477272727272727
STR,Aston Martin,2023,Monaco,16.0,80.545,HARD,17.0,1.0,1,False,25.06590909090909,39.25568181818182,45.86363636363637,1.005681818181818,0.1477272727272727
STR,Aston Martin,2023,Monaco,10.0,79.893,HARD,11.0,1.0,1,False,25.06590909090909,39.25568181818182,45.86363636363637,1.005681818181818,0.1477272727272727
STR,Aston Martin,2023,Monaco,17.0,81.17,HARD,18.0,1.0,1,False,25.06590909090909,39.25568181818182,45.86363636363637,1.005681818181818,0.1477272727272727
STR,Aston Martin,2023,Monaco,27.0,79.772,HARD,28.0,1.0,1,False,25.06590909090909,39.25568181818182,45.86363636363637,1.005681818181818,0.1477272727272727
STR,Aston Martin,2023,Monaco,45.0,78.374,HARD,46.0,1.0,1,False,25.06590909090909,39.25568181818182,45.86363636363637,1.005681818181818,0.1477272727272727
STR,Aston Martin,2023,Monaco,26.0,78.926,HARD,27.0,1.0,1,False,25.06590909090909,39.25568181818182,45.86363636363637,1.005681818181818,0.1477272727272727
STR,Aston Martin,2023,Monaco,12.0,80.639,HARD,13.0,1.0,21,False,25.06590909090909,39.25568181818182,45.86363636363637,1.005681818181818,0.1477272727272727
STR,Aston Martin,2023,Monaco,1.0,99.562,HARD,2.0,1.0,12,False,25.06590909090909,39.25568181818182,45.86363636363637,1.005681818181818,0.1477272727272727
STR,Aston Martin,2023,Monaco,46.0,78.723,HARD,47.0,1.0,1,False,25.06590909090909,39.25568181818182,45.86363636363637,1.005681818181818,0.1477272727272727
STR,Aston Martin,2023,Monaco,28.0,79.86,HARD,29.0,1.0,1,False,25.06590909090909,39.25568181818182,45.86363636363637,1.005681818181818,0.1477272727272727
STR,Aston Martin,2023,Monaco,35.0,81.072,HARD,36.0,1.0,1,False,25.06590909090909,39.25568181818182,45.86363636363637,1.005681818181818,0.1477272727272727
STR,Aston Martin,2023,Monaco,6.0,79.785,HARD,7.0,1.0,1,True,25.06590909090909,39.25568181818182,45.86363636363637,1.005681818181818,0.1477272727272727
STR,Aston Martin,2023,Monaco,30.0,79.86,HARD,31.0,1.0,1,False,25.06590909090909,39.25568181818182,45.86363636363637,1.005681818181818,0.1477272727272727
STR,Aston Martin,2023,Monaco,38.0,78.424,HARD,39.0,1.0,1,False,25.06590909090909,39.25568181818182,45.86363636363637,1.005681818181818,0.1477272727272727
STR,Aston Martin,2023,Monaco,2.0,79.989,HARD,3.0,1.0,1,True,25.06590909090909,39.25568181818182,45.86363636363637,1.005681818181818,0.1477272727272727
STR,Aston Martin,2023,Monaco,22.0,78.548,HARD,23.0,1.0,1,False,25.06590909090909,39.25568181818182,45.86363636363637,1.005681818181818,0.1477272727272727
STR,Aston Martin,2023,Monaco,3.0,79.928,HARD,4.0,1.0,1,True,25.06590909090909,39.25568181818182,45.86363636363637,1.005681818181818,0.1477272727272727
STR,Aston Martin,2023,Monaco,40.0,78.498,HARD,41.0,1.0,1,False,25.06590909090909,39.25568181818182,45.86363636363637,1.005681818181818,0.1477272727272727
STR,Aston Martin,2023,Monaco,36.0,79.544,HARD,37.0,1.0,1,False,25.06590909090909,39.25568181818182,45.86363636363637,1.005681818181818,0.1477272727272727
STR,Aston Martin,2023,Monaco,24.0,78.439,HARD,25.0,1.0,1,False,25.06590909090909,39.25568181818182,45.86363636363637,1.005681818181818,0.1477272727272727
STR,Aston Martin,2023,Monaco,53.0,96.321,INTERMEDIATE,2.0,2.0,1,False,25.06590909090909,39.25568181818182,45.86363636363637,1.005681818181818,0.1477272727272727
STR,Aston Martin,2023,Monaco,52.0,92.189,INTERMEDIATE,1.0,2.0,1,False,25.06590909090909,39.25568181818182,45.86363636363637,1.005681818181818,0.1477272727272727
TSU,AlphaTauri,2023,Monaco,69.0,100.44,INTERMEDIATE,16.0,2.0,1,False,25.06590909090909,39.25568181818182,45.86363636363637,1.005681818181818,0.1477272727272727
TSU,AlphaTauri,2023,Monaco,63.0,99.932,INTERMEDIATE,10.0,2.0,1,False,25.06590909090909,39.25568181818182,45.86363636363637,1.005681818181818,0.1477272727272727
TSU,AlphaTauri,2023,Monaco,54.0,101.01,INTERMEDIATE,1.0,2.0,12,False,25.06590909090909,39.25568181818182,45.86363636363637,1.005681818181818,0.1477272727272727
TSU,AlphaTauri,2023,Monaco,62.0,100.84,INTERMEDIATE,9.0,2.0,1,False,25.06590909090909,39.25568181818182,45.86363636363637,1.005681818181818,0.1477272727272727
TSU,AlphaTauri,2023,Monaco,71.0,91.757,INTERMEDIATE,18.0,2.0,1,False,25.06590909090909,39.25568181818182,45.86363636363637,1.005681818181818,0.1477272727272727
TSU,AlphaTauri,2023,Monaco,66.0,97.427,INTERMEDIATE,13.0,2.0,1,False,25.06590909090909,39.25568181818182,45.86363636363637,1.005681818181818,0.1477272727272727
TSU,AlphaTauri,2023,Monaco,55.0,101.834,INTERMEDIATE,2.0,2.0,12,False,25.06590909090909,39.25568181818182,45.86363636363637,1.005681818181818,0.1477272727272727
TSU,AlphaTauri,2023,Monaco,67.0,97.623,INTERMEDIATE,14.0,2.0,1,False,25.06590909090909,39.25568181818182,45.86363636363637,1.005681818181818,0.1477272727272727
TSU,AlphaTauri,2023,Monaco,59.0,102.608,INTERMEDIATE,6.0,2.0,12,False,25.06590909090909,39.25568181818182,45.86363636363637,1.005681818181818,0.1477272727272727
TSU,AlphaTauri,2023,Monaco,56.0,102.479,INTERMEDIATE,3.0,2.0,1,False,25.06590909090909,39.25568181818182,45.86363636363637,1.005681818181818,0.1477272727272727
TSU,AlphaTauri,2023,Monaco,65.0,98.497,INTERMEDIATE,12.0,2.0,1,False,25.06590909090909,39.25568181818182,45.86363636363637,1.005681818181818,0.1477272727272727
TSU,AlphaTauri,2023,Monaco,74.0,88.759,INTERMEDIATE,21.0,2.0,1,False,25.06590909090909,39.25568181818182,45.86363636363637,1.005681818181818,0.1477272727272727
TSU,AlphaTauri,2023,Monaco,57.0,102.945,INTERMEDIATE,4.0,2.0,12,False,25.06590909090909,39.25568181818182,45.86363636363637,1.005681818181818,0.1477272727272727
TSU,AlphaTauri,2023,Monaco,58.0,105.898,INTERMEDIATE,5.0,2.0,12,False,25.06590909090909,39.25568181818182,45.86363636363637,1.005681818181818,0.1477272727272727
TSU,AlphaTauri,2023,Monaco,72.0,89.958,INTERMEDIATE,19.0,2.0,1,False,25.06590909090909,39.25568181818182,45.86363636363637,1.005681818181818,0.1477272727272727
TSU,AlphaTauri,2023,Monaco,70.0,93.923,INTERMEDIATE,17.0,2.0,1,False,25.06590909090909,39.25568181818182,45.86363636363637,1.005681818181818,0.1477272727272727
TSU,AlphaTauri,2023,Monaco,75.0,87.332,INTERMEDIATE,22.0,2.0,1,False,25.06590909090909,39.25568181818182,45.86363636363637,1.005681818181818,0.1477272727272727
TSU,AlphaTauri,2023,Monaco,76.0,94.205,INTERMEDIATE,23.0,2.0,1,False,25.06590909090909,39.25568181818182,45.86363636363637,1.005681818181818,0.1477272727272727
TSU,AlphaTauri,2023,Monaco,61.0,102.234,INTERMEDIATE,8.0,2.0,1,False,25.06590909090909,39.25568181818182,45.86363636363637,1.005681818181818,0.1477272727272727
TSU,AlphaTauri,2023,Monaco,64.0,103.104,INTERMEDIATE,11.0,2.0,1,False,25.06590909090909,39.25568181818182,45.86363636363637,1.005681818181818,0.1477272727272727
TSU,AlphaTauri,2023,Monaco,68.0,137.012,INTERMEDIATE,15.0,2.0,12,False,25.06590909090909,39.25568181818182,45.86363636363637,1.005681818181818,0.1477272727272727
TSU,AlphaTauri,2023,Monaco,73.0,88.138,INTERMEDIATE,20.0,2.0,1,False,25.06590909090909,39.25568181818182,45.86363636363637,1.005681818181818,0.1477272727272727
TSU,AlphaTauri,2023,Monaco,60.0,103.593,INTERMEDIATE,7.0,2.0,12,False,25.06590909090909,39.25568181818182,45.86363636363637,1.005681818181818,0.1477272727272727
TSU,AlphaTauri,2023,Monaco,20.0,79.131,MEDIUM,20.0,1.0,1,False,25.06590909090909,39.25568181818182,45.86363636363637,1.005681818181818,0.1477272727272727
TSU,AlphaTauri,2023,Monaco,42.0,78.189,MEDIUM,42.0,1.0,1,False,25.06590909090909,39.25568181818182,45.86363636363637,1.005681818181818,0.1477272727272727
TSU,AlphaTauri,2023,Monaco,48.0,78.098,MEDIUM,48.0,1.0,1,False,25.06590909090909,39.25568181818182,45.86363636363637,1.005681818181818,0.1477272727272727
TSU,AlphaTauri,2023,Monaco,13.0,78.8,MEDIUM,13.0,1.0,1,False,25.06590909090909,39.25568181818182,45.86363636363637,1.005681818181818,0.1477272727272727
TSU,AlphaTauri,2023,Monaco,44.0,78.0,MEDIUM,44.0,1.0,1,False,25.06590909090909,39.25568181818182,45.86363636363637,1.005681818181818,0.1477272727272727
TSU,AlphaTauri,2023,Monaco,6.0,78.73,MEDIUM,6.0,1.0,1,True,25.06590909090909,39.25568181818182,45.86363636363637,1.005681818181818,0.1477272727272727
TSU,AlphaTauri,2023,Monaco,18.0,79.026,MEDIUM,18.0,1.0,1,False,25.06590909090909,39.25568181818182,45.86363636363637,1.005681818181818,0.1477272727272727
TSU,AlphaTauri,2023,Monaco,51.0,83.804,MEDIUM,51.0,1.0,1,False,25.06590909090909,39.25568181818182,45.86363636363637,1.005681818181818,0.1477272727272727
TSU,AlphaTauri,2023,Monaco,4.0,80.032,MEDIUM,4.0,1.0,1,True,25.06590909090909,39.25568181818182,45.86363636363637,1.005681818181818,0.1477272727272727
TSU,AlphaTauri,2023,Monaco,33.0,78.457,MEDIUM,33.0,1.0,1,False,25.06590909090909,39.25568181818182,45.86363636363637,1.005681818181818,0.1477272727272727
TSU,AlphaTauri,2023,Monaco,14.0,78.481,MEDIUM,14.0,1.0,12,True,25.06590909090909,39.25568181818182,45.86363636363637,1.005681818181818,0.1477272727272727
TSU,AlphaTauri,2023,Monaco,9.0,78.859,MEDIUM,9.0,1.0,1,False,25.06590909090909,39.25568181818182,45.86363636363637,1.005681818181818,0.1477272727272727
TSU,AlphaTauri,2023,Monaco,27.0,78.465,MEDIUM,27.0,1.0,1,False,25.06590909090909,39.25568181818182,45.86363636363637,1.005681818181818,0.1477272727272727
TSU,AlphaTauri,2023,Monaco,7.0,78.712,MEDIUM,7.0,1.0,1,True,25.06590909090909,39.25568181818182,45.86363636363637,1.005681818181818,0.1477272727272727
TSU,AlphaTauri,2023,Monaco,35.0,77.75,MEDIUM,35.0,1.0,1,True,25.06590909090909,39.25568181818182,45.86363636363637,1.005681818181818,0.1477272727272727
TSU,AlphaTauri,2023,Monaco,5.0,79.296,MEDIUM,5.0,1.0,1,True,25.06590909090909,39.25568181818182,45.86363636363637,1.005681818181818,0.1477272727272727
TSU,AlphaTauri,2023,Monaco,38.0,78.195,MEDIUM,38.0,1.0,1,False,25.06590909090909,39.25568181818182,45.86363636363637,1.005681818181818,0.1477272727272727
TSU,AlphaTauri,2023,Monaco,25.0,79.335,MEDIUM,25.0,1.0,1,False,25.06590909090909,39.25568181818182,45.86363636363637,1.005681818181818,0.1477272727272727
TSU,AlphaTauri,2023,Monaco,45.0,77.879,MEDIUM,45.0,1.0,1,False,25.06590909090909,39.25568181818182,45.86363636363637,1.005681818181818,0.1477272727272727
TSU,AlphaTauri,2023,Monaco,34.0,78.039,MEDIUM,34.0,1.0,1,True,25.06590909090909,39.25568181818182,45.86363636363637,1.005681818181818,0.1477272727272727
TSU,AlphaTauri,2023,Monaco,50.0,78.64,MEDIUM,50.0,1.0,1,False,25.06590909090909,39.25568181818182,45.86363636363637,1.005681818181818,0.1477272727272727
TSU,AlphaTauri,2023,Monaco,16.0,78.246,MEDIUM,16.0,1.0,1,True,25.06590909090909,39.25568181818182,45.86363636363637,1.005681818181818,0.1477272727272727
TSU,AlphaTauri,2023,Monaco,10.0,78.697,MEDIUM,10.0,1.0,1,True,25.06590909090909,39.25568181818182,45.86363636363637,1.005681818181818,0.1477272727272727
TSU,AlphaTauri,2023,Monaco,17.0,78.368,MEDIUM,17.0,1.0,1,False,25.06590909090909,39.25568181818182,45.86363636363637,1.005681818181818,0.1477272727272727
TSU,AlphaTauri,2023,Monaco,31.0,78.463,MEDIUM,31.0,1.0,1,False,25.06590909090909,39.25568181818182,45.86363636363637,1.005681818181818,0.1477272727272727
TSU,AlphaTauri,2023,Monaco,37.0,77.992,MEDIUM,37.0,1.0,1,False,25.06590909090909,39.25568181818182,45.86363636363637,1.005681818181818,0.1477272727272727
TSU,AlphaTauri,2023,Monaco,26.0,79.272,MEDIUM,26.0,1.0,1,False,25.06590909090909,39.25568181818182,45.86363636363637,1.005681818181818,0.1477272727272727
TSU,AlphaTauri,2023,Monaco,12.0,79.627,MEDIUM,12.0,1.0,12,False,25.06590909090909,39.25568181818182,45.86363636363637,1.005681818181818,0.1477272727272727
TSU,AlphaTauri,2023,Monaco,1.0,91.317,MEDIUM,1.0,1.0,12,False,25.06590909090909,39.25568181818182,45.86363636363637,1.005681818181818,0.1477272727272727
TSU,AlphaTauri,2023,Monaco,47.0,78.169,MEDIUM,47.0,1.0,1,False,25.06590909090909,39.25568181818182,45.86363636363637,1.005681818181818,0.1477272727272727
TSU,AlphaTauri,2023,Monaco,28.0,78.369,MEDIUM,28.0,1.0,1,False,25.06590909090909,39.25568181818182,45.86363636363637,1.005681818181818,0.1477272727272727
TSU,AlphaTauri,2023,Monaco,32.0,78.519,MEDIUM,32.0,1.0,1,False,25.06590909090909,39.25568181818182,45.86363636363637,1.005681818181818,0.1477272727272727
TSU,AlphaTauri,2023,Monaco,40.0,78.328,MEDIUM,40.0,1.0,1,False,25.06590909090909,39.25568181818182,45.86363636363637,1.005681818181818,0.1477272727272727
TSU,AlphaTauri,2023,Monaco,30.0,78.335,MEDIUM,30.0,1.0,1,False,25.06590909090909,39.25568181818182,45.86363636363637,1.005681818181818,0.1477272727272727
TSU,AlphaTauri,2023,Monaco,46.0,77.956,MEDIUM,46.0,1.0,1,False,25.06590909090909,39.25568181818182,45.86363636363637,1.005681818181818,0.1477272727272727
TSU,AlphaTauri,2023,Monaco,2.0,81.288,MEDIUM,2.0,1.0,1,True,25.06590909090909,39.25568181818182,45.86363636363637,1.005681818181818,0.1477272727272727
TSU,AlphaTauri,2023,Monaco,22.0,79.152,MEDIUM,22.0,1.0,1,False,25.06590909090909,39.25568181818182,45.86363636363637,1.005681818181818,0.1477272727272727
TSU,AlphaTauri,2023,Monaco,3.0,80.281,MEDIUM,3.0,1.0,1,True,25.06590909090909,39.25568181818182,45.86363636363637,1.005681818181818,0.1477272727272727
TSU,AlphaTauri,2023,Monaco,41.0,78.074,MEDIUM,41.0,1.0,1,False,25.06590909090909,39.25568181818182,45.86363636363637,1.005681818181818,0.1477272727272727
TSU,AlphaTauri,2023,Monaco,36.0,77.68,MEDIUM,36.0,1.0,1,True,25.06590909090909,39.25568181818182,45.86363636363637,1.005681818181818,0.1477272727272727
VER,Red Bull Racing,2023,Monaco,71.0,90.363,INTERMEDIATE,16.0,2.0,1,False,25.06590909090909,39.25568181818182,45.86363636363637,1.005681818181818,0.1477272727272727
VER,Red Bull Racing,2023,Monaco,65.0,97.16,INTERMEDIATE,10.0,2.0,1,False,25.06590909090909,39.25568181818182,45.86363636363637,1.005681818181818,0.1477272727272727
VER,Red Bull Racing,2023,Monaco,56.0,106.131,INTERMEDIATE,1.0,2.0,21,False,25.06590909090909,39.25568181818182,45.86363636363637,1.005681818181818,0.1477272727272727
VER,Red Bull Racing,2023,Monaco,64.0,98.364,INTERMEDIATE,9.0,2.0,1,False,25.06590909090909,39.25568181818182,45.86363636363637,1.005681818181818,0.1477272727272727
VER,Red Bull Racing,2023,Monaco,73.0,88.386,INTERMEDIATE,18.0,2.0,1,False,25.06590909090909,39.25568181818182,45.86363636363637,1.005681818181818,0.1477272727272727
VER,Red Bull Racing,2023,Monaco,68.0,93.659,INTERMEDIATE,13.0,2.0,1,False,25.06590909090909,39.25568181818182,45.86363636363637,1.005681818181818,0.1477272727272727
VER,Red Bull Racing,2023,Monaco,57.0,103.464,INTERMEDIATE,2.0,2.0,1,False,25.06590909090909,39.25568181818182,45.86363636363637,1.005681818181818,0.1477272727272727
VER,Red Bull Racing,2023,Monaco,69.0,91.607,INTERMEDIATE,14.0,2.0,12,False,25.06590909090909,39.25568181818182,45.86363636363637,1.005681818181818,0.1477272727272727
VER,Red Bull Racing,2023,Monaco,61.0,100.797,INTERMEDIATE,6.0,2.0,12,False,25.06590909090909,39.25568181818182,45.86363636363637,1.005681818181818,0.1477272727272727
VER,Red Bull Racing,2023,Monaco,58.0,102.808,INTERMEDIATE,3.0,2.0,12,False,25.06590909090909,39.25568181818182,45.86363636363637,1.005681818181818,0.1477272727272727
VER,Red Bull Racing,2023,Monaco,67.0,92.921,INTERMEDIATE,12.0,2.0,1,False,25.06590909090909,39.25568181818182,45.86363636363637,1.005681818181818,0.1477272727272727
VER,Red Bull Racing,2023,Monaco,76.0,85.316,INTERMEDIATE,21.0,2.0,1,False,25.06590909090909,39.25568181818182,45.86363636363637,1.005681818181818,0.1477272727272727
VER,Red Bull Racing,2023,Monaco,59.0,103.791,INTERMEDIATE,4.0,2.0,12,False,25.06590909090909,39.25568181818182,45.86363636363637,1.005681818181818,0.1477272727272727
VER,Red Bull Racing,2023,Monaco,60.0,101.54,INTERMEDIATE,5.0,2.0,12,False,25.06590909090909,39.25568181818182,45.86363636363637,1.005681818181818,0.1477272727272727
VER,Red Bull Racing,2023,Monaco,74.0,86.864,INTERMEDIATE,19.0,2.0,1,False,25.06590909090909,39.25568181818182,45.86363636363637,1.005681818181818,0.1477272727272727
VER,Red Bull Racing,2023,Monaco,72.0,90.402,INTERMEDIATE,17.0,2.0,1,False,25.06590909090909,39.25568181818182,45.86363636363637,1.005681818181818,0.1477272727272727
VER,Red Bull Racing,2023,Monaco,77.0,85.46,INTERMEDIATE,22.0,2.0,1,False,25.06590909090909,39.25568181818182,45.86363636363637,1.005681818181818,0.1477272727272727
VER,Red Bull Racing,2023,Monaco,78.0,85.201,INTERMEDIATE,23.0,2.0,1,False,25.06590909090909,39.25568181818182,45.86363636363637,1.005681818181818,0.1477272727272727
VER,Red Bull Racing,2023,Monaco,63.0,99.61,INTERMEDIATE,8.0,2.0,1,False,25.06590909090909,39.25568181818182,45.86363636363637,1.005681818181818,0.1477272727272727
VER,Red Bull Racing,2023,Monaco,66.0,94.035,INTERMEDIATE,11.0,2.0,1,False,25.06590909090909,39.25568181818182,45.86363636363637,1.005681818181818,0.1477272727272727
VER,Red Bull Racing,2023,Monaco,70.0,91.244,INTERMEDIATE,15.0,2.0,1,False,25.06590909090909,39.25568181818182,45.86363636363637,1.005681818181818,0.1477272727272727
VER,Red Bull Racing,2023,Monaco,75.0,85.518,INTERMEDIATE,20.0,2.0,1,False,25.06590909090909,39.25568181818182,45.86363636363637,1.005681818181818,0.1477272727272727
VER,Red Bull Racing,2023,Monaco,62.0,99.272,INTERMEDIATE,7.0,2.0,1,False,25.06590909090909,39.25568181818182,45.86363636363637,1.005681818181818,0.1477272727272727
VER,Red Bull Racing,2023,Monaco,32.0,78.816,MEDIUM,32.0,1.0,1,False,25.06590909090909,39.25568181818182,45.86363636363637,1.005681818181818,0.1477272727272727
VER,Red Bull Racing,2023,Monaco,6.0,77.64,MEDIUM,6.0,1.0,1,True,25.06590909090909,39.25568181818182,45.86363636363637,1.005681818181818,0.1477272727272727
VER,Red Bull Racing,2023,Monaco,33.0,78.946,MEDIUM,33.0,1.0,1,False,25.06590909090909,39.25568181818182,45.86363636363637,1.005681818181818,0.1477272727272727
VER,Red Bull Racing,2023,Monaco,14.0,77.065,MEDIUM,14.0,1.0,12,False,25.06590909090909,39.25568181818182,45.86363636363637,1.005681818181818,0.1477272727272727
VER,Red Bull Racing,2023,Monaco,20.0,77.214,MEDIUM,20.0,1.0,1,False,25.06590909090909,39.25568181818182,45.86363636363637,1.005681818181818,0.1477272727272727
VER,Red Bull Racing,2023,Monaco,50.0,77.314,MEDIUM,50.0,1.0,1,False,25.06590909090909,39.25568181818182,45.86363636363637,1.005681818181818,0.1477272727272727
VER,Red Bull Racing,2023,Monaco,42.0,76.8,MEDIUM,42.0,1.0,1,False,25.06590909090909,39.25568181818182,45.86363636363637,1.005681818181818,0.1477272727272727
VER,Red Bull Racing,2023,Monaco,27.0,77.259,MEDIUM,27.0,1.0,1,False,25.06590909090909,39.25568181818182,45.86363636363637,1.005681818181818,0.1477272727272727
VER,Red Bull Racing,2023,Monaco,44.0,76.722,MEDIUM,44.0,1.0,1,False,25.06590909090909,39.25568181818182,45.86363636363637,1.005681818181818,0.1477272727272727
VER,Red Bull Racing,2023,Monaco,13.0,77.434,MEDIUM,13.0,1.0,21,False,25.06590909090909,39.25568181818182,45.86363636363637,1.005681818181818,0.1477272727272727
VER,Red Bull Racing,2023,Monaco,53.0,89.919,MEDIUM,53.0,1.0,1,False,25.06590909090909,39.25568181818182,45.86363636363637,1.005681818181818,0.1477272727272727
VER,Red Bull Racing,2023,Monaco,4.0,78.129,MEDIUM,4.0,1.0,1,True,25.06590909090909,39.25568181818182,45.86363636363637,1.005681818181818,0.1477272727272727
VER,Red Bull Racing,2023,Monaco,34.0,78.044,MEDIUM,34.0,1.0,1,False,25.06590909090909,39.25568181818182,45.86363636363637,1.005681818181818,0.1477272727272727
VER,Red Bull Racing,2023,Monaco,35.0,78.024,MEDIUM,35.0,1.0,1,False,25.06590909090909,39.25568181818182,45.86363636363637,1.005681818181818,0.1477272727272727
VER,Red Bull Racing,2023,Monaco,9.0,77.031,MEDIUM,9.0,1.0,1,True,25.06590909090909,39.25568181818182,45.86363636363637,1.005681818181818,0.1477272727272727
VER,Red Bull Racing,2023,Monaco,18.0,76.712,MEDIUM,18.0,1.0,1,True,25.06590909090909,39.25568181818182,45.86363636363637,1.005681818181818,0.1477272727272727
VER,Red Bull Racing,2023,Monaco,7.0,77.633,MEDIUM,7.0,1.0,1,True,25.06590909090909,39.25568181818182,45.86363636363637,1.005681818181818,0.1477272727272727
VER,Red Bull Racing,2023,Monaco,5.0,78.019,MEDIUM,5.0,1.0,1,True,25.06590909090909,39.25568181818182,45.86363636363637,1.005681818181818,0.1477272727272727
VER,Red Bull Racing,2023,Monaco,48.0,77.065,MEDIUM,48.0,1.0,1,False,25.06590909090909,39.25568181818182,45.86363636363637,1.005681818181818,0.1477272727272727
VER,Red Bull Racing,2023,Monaco,28.0,77.77,MEDIUM,28.0,1.0,1,False,25.06590909090909,39.25568181818182,45.86363636363637,1.005681818181818,0.1477272727272727
VER,Red Bull Racing,2023,Monaco,47.0,77.16,MEDIUM,47.0,1.0,1,False,25.06590909090909,39.25568181818182,45.86363636363637,1.005681818181818,0.1477272727272727
VER,Red Bull Racing,2023,Monaco,46.0,77.075,MEDIUM,46.0,1.0,1,False,25.06590909090909,39.25568181818182,45.86363636363637,1.005681818181818,0.1477272727272727
VER,Red Bull Racing,2023,Monaco,54.0,98.946,MEDIUM,54.0,1.0,1,False,25.06590909090909,39.25568181818182,45.86363636363637,1.005681818181818,0.1477272727272727
VER,Red Bull Racing,2023,Monaco,16.0,76.824,MEDIUM,16.0,1.0,1,True,25.06590909090909,39.25568181818182,45.86363636363637,1.005681818181818,0.1477272727272727
VER,Red Bull Racing,2023,Monaco,10.0,77.084,MEDIUM,10.0,1.0,1,False,25.06590909090909,39.25568181818182,45.86363636363637,1.005681818181818,0.1477272727272727
VER,Red Bull Racing,2023,Monaco,17.0,76.86,MEDIUM,17.0,1.0,1,False,25.06590909090909,39.25568181818182,45.86363636363637,1.005681818181818,0.1477272727272727
VER,Red Bull Racing,2023,Monaco,25.0,77.183,MEDIUM,25.0,1.0,1,False,25.06590909090909,39.25568181818182,45.86363636363637,1.005681818181818,0.1477272727272727
VER,Red Bull Racing,2023,Monaco,31.0,78.741,MEDIUM,31.0,1.0,1,False,25.06590909090909,39.25568181818182,45.86363636363637,1.005681818181818,0.1477272727272727
VER,Red Bull Racing,2023,Monaco,38.0,77.122,MEDIUM,38.0,1.0,1,False,25.06590909090909,39.25568181818182,45.86363636363637,1.005681818181818,0.1477272727272727
VER,Red Bull Racing,2023,Monaco,26.0,77.212,MEDIUM,26.0,1.0,1,False,25.06590909090909,39.25568181818182,45.86363636363637,1.005681818181818,0.1477272727272727
VER,Red Bull Racing,2023,Monaco,12.0,76.993,MEDIUM,12.0,1.0,12,False,25.06590909090909,39.25568181818182,45.86363636363637,1.005681818181818,0.1477272727272727
VER,Red Bull Racing,2023,Monaco,1.0,84.238,MEDIUM,1.0,1.0,12,False,25.06590909090909,39.25568181818182,45.86363636363637,1.005681818181818,0.1477272727272727
VER,Red Bull Racing,2023,Monaco,49.0,77.428,MEDIUM,49.0,1.0,1,False,25.06590909090909,39.25568181818182,45.86363636363637,1.005681818181818,0.1477272727272727
VER,Red Bull Racing,2023,Monaco,37.0,77.273,MEDIUM,37.0,1.0,1,False,25.06590909090909,39.25568181818182,45.86363636363637,1.005681818181818,0.1477272727272727
VER,Red Bull Racing,2023,Monaco,30.0,78.16,MEDIUM,30.0,1.0,1,False,25.06590909090909,39.25568181818182,45.86363636363637,1.005681818181818,0.1477272727272727
VER,Red Bull Racing,2023,Monaco,41.0,76.944,MEDIUM,41.0,1.0,1,False,25.06590909090909,39.25568181818182,45.86363636363637,1.005681818181818,0.1477272727272727
VER,Red Bull Racing,2023,Monaco,2.0,79.367,MEDIUM,2.0,1.0,1,True,25.06590909090909,39.25568181818182,45.86363636363637,1.005681818181818,0.1477272727272727
VER,Red Bull Racing,2023,Monaco,22.0,76.659,MEDIUM,22.0,1.0,1,True,25.06590909090909,39.25568181818182,45.86363636363637,1.005681818181818,0.1477272727272727
VER,Red Bull Racing,2023,Monaco,3.0,79.074,MEDIUM,3.0,1.0,1,True,25.06590909090909,39.25568181818182,45.86363636363637,1.005681818181818,0.1477272727272727
VER,Red Bull Racing,2023,Monaco,51.0,77.427,MEDIUM,51.0,1.0,1,False,25.06590909090909,39.25568181818182,45.86363636363637,1.005681818181818,0.1477272727272727
ZHO,Alfa Romeo,2023,Monaco,45.0,78.762,HARD,44.0,2.0,1,False,25.06590909090909,39.25568181818182,45.86363636363637,1.005681818181818,0.1477272727272727
ZHO,Alfa Romeo,2023,Monaco,42.0,78.666,HARD,41.0,2.0,1,False,25.06590909090909,39.25568181818182,45.86363636363637,1.005681818181818,0.1477272727272727
ZHO,Alfa Romeo,2023,Monaco,48.0,78.947,HARD,47.0,2.0,1,False,25.06590909090909,39.25568181818182,45.86363636363637,1.005681818181818,0.1477272727272727
ZHO,Alfa Romeo,2023,Monaco,14.0,80.653,HARD,13.0,2.0,12,False,25.06590909090909,39.25568181818182,45.86363636363637,1.005681818181818,0.1477272727272727
ZHO,Alfa Romeo,2023,Monaco,26.0,78.161,HARD,25.0,2.0,1,False,25.06590909090909,39.25568181818182,45.86363636363637,1.005681818181818,0.1477272727272727
ZHO,Alfa Romeo,2023,Monaco,33.0,81.602,HARD,32.0,2.0,1,False,25.06590909090909,39.25568181818182,45.86363636363637,1.005681818181818,0.1477272727272727
ZHO,Alfa Romeo,2023,Monaco,19.0,82.387,HARD,18.0,2.0,1,False,25.06590909090909,39.25568181818182,45.86363636363637,1.005681818181818,0.1477272727272727
ZHO,Alfa Romeo,2023,Monaco,34.0,80.587,HARD,33.0,2.0,1,False,25.06590909090909,39.25568181818182,45.86363636363637,1.005681818181818,0.1477272727272727
ZHO,Alfa Romeo,2023,Monaco,5.0,76.926,HARD,4.0,2.0,1,True,25.06590909090909,39.25568181818182,45.86363636363637,1.005681818181818,0.1477272727272727
ZHO,Alfa Romeo,2023,Monaco,32.0,79.626,HARD,31.0,2.0,1,False,25.06590909090909,39.25568181818182,45.86363636363637,1.005681818181818,0.1477272727272727
ZHO,Alfa Romeo,2023,Monaco,15.0,80.398,HARD,14.0,2.0,1,False,25.06590909090909,39.25568181818182,45.86363636363637,1.005681818181818,0.1477272727272727
ZHO,Alfa Romeo,2023,Monaco,10.0,78.449,HARD,9.0,2.0,1,False,25.06590909090909,39.25568181818182,45.86363636363637,1.005681818181818,0.1477272727272727
ZHO,Alfa Romeo,2023,Monaco,51.0,90.253,HARD,50.0,2.0,1,False,25.06590909090909,39.25568181818182,45.86363636363637,1.005681818181818,0.1477272727272727
ZHO,Alfa Romeo,2023,Monaco,8.0,77.254,HARD,7.0,2.0,1,False,25.06590909090909,39.25568181818182,45.86363636363637,1.005681818181818,0.1477272727272727
ZHO,Alfa Romeo,2023,Monaco,49.0,79.065,HARD,48.0,2.0,1,False,25.06590909090909,39.25568181818182,45.86363636363637,1.005681818181818,0.1477272727272727
ZHO,Alfa Romeo,2023,Monaco,6.0,77.205,HARD,5.0,2.0,1,False,25.06590909090909,39.25568181818182,45.86363636363637,1.005681818181818,0.1477272727272727
ZHO,Alfa Romeo,2023,Monaco,38.0,78.681,HARD,37.0,2.0,1,False,25.06590909090909,39.25568181818182,45.86363636363637,1.005681818181818,0.1477272727272727
ZHO,Alfa Romeo,2023,Monaco,35.0,78.586,HARD,34.0,2.0,1,False,25.06590909090909,39.25568181818182,45.86363636363637,1.005681818181818,0.1477272727272727
ZHO,Alfa Romeo,2023,Monaco,21.0,78.245,HARD,20.0,2.0,1,False,25.06590909090909,39.25568181818182,45.86363636363637,1.005681818181818,0.1477272727272727
ZHO,Alfa Romeo,2023,Monaco,50.0,81.664,HARD,49.0,2.0,1,False,25.06590909090909,39.25568181818182,45.86363636363637,1.005681818181818,0.1477272727272727
ZHO,Alfa Romeo,2023,Monaco,17.0,80.669,HARD,16.0,2.0,1,False,25.06590909090909,39.25568181818182,45.86363636363637,1.005681818181818,0.1477272727272727
ZHO,Alfa Romeo,2023,Monaco,11.0,79.602,HARD,10.0,2.0,12,False,25.06590909090909,39.25568181818182,45.86363636363637,1.005681818181818,0.1477272727272727
ZHO,Alfa Romeo,2023,Monaco,18.0,81.524,HARD,17.0,2.0,1,False,25.06590909090909,39.25568181818182,45.86363636363637,1.005681818181818,0.1477272727272727
ZHO,Alfa Romeo,2023,Monaco,28.0,80.78,HARD,27.0,2.0,1,False,25.06590909090909,39.25568181818182,45.86363636363637,1.005681818181818,0.1477272727272727
ZHO,Alfa Romeo,2023,Monaco,46.0,78.66,HARD,45.0,2.0,1,False,25.06590909090909,39.25568181818182,45.86363636363637,1.005681818181818,0.1477272727272727
ZHO,Alfa Romeo,2023,Monaco,27.0,78.097,HARD,26.0,2.0,1,False,25.06590909090909,39.25568181818182,45.86363636363637,1.005681818181818,0.1477272727272727
ZHO,Alfa Romeo,2023,Monaco,13.0,80.561,HARD,12.0,2.0,1,False,25.06590909090909,39.25568181818182,45.86363636363637,1.005681818181818,0.1477272727272727
ZHO,Alfa Romeo,2023,Monaco,2.0,80.757,HARD,1.0,2.0,1,False,25.06590909090909,39.25568181818182,45.86363636363637,1.005681818181818,0.1477272727272727
ZHO,Alfa Romeo,2023,Monaco,47.0,78.809,HARD,46.0,2.0,1,False,25.06590909090909,39.25568181818182,45.86363636363637,1.005681818181818,0.1477272727272727
ZHO,Alfa Romeo,2023,Monaco,29.0,78.863,HARD,28.0,2.0,1,False,25.06590909090909,39.25568181818182,45.86363636363637,1.005681818181818,0.1477272727272727
ZHO,Alfa Romeo,2023,Monaco,36.0,78.846,HARD,35.0,2.0,1,False,25.06590909090909,39.25568181818182,45.86363636363637,1.005681818181818,0.1477272727272727
ZHO,Alfa Romeo,2023,Monaco,7.0,77.408,HARD,6.0,2.0,1,False,25.06590909090909,39.25568181818182,45.86363636363637,1.005681818181818,0.1477272727272727
ZHO,Alfa Romeo,2023,Monaco,31.0,79.192,HARD,30.0,2.0,1,False,25.06590909090909,39.25568181818182,45.86363636363637,1.005681818181818,0.1477272727272727
ZHO,Alfa Romeo,2023,Monaco,39.0,78.659,HARD,38.0,2.0,1,False,25.06590909090909,39.25568181818182,45.86363636363637,1.005681818181818,0.1477272727272727
ZHO,Alfa Romeo,2023,Monaco,3.0,77.003,HARD,2.0,2.0,1,True,25.06590909090909,39.25568181818182,45.86363636363637,1.005681818181818,0.1477272727272727
ZHO,Alfa Romeo,2023,Monaco,23.0,77.45,HARD,22.0,2.0,1,False,25.06590909090909,39.25568181818182,45.86363636363637,1.005681818181818,0.1477272727272727
ZHO,Alfa Romeo,2023,Monaco,4.0,76.946,HARD,3.0,2.0,1,True,25.06590909090909,39.25568181818182,45.86363636363637,1.005681818181818,0.1477272727272727
ZHO,Alfa Romeo,2023,Monaco,41.0,78.831,HARD,40.0,2.0,1,False,25.06590909090909,39.25568181818182,45.86363636363637,1.005681818181818,0.1477272727272727
ZHO,Alfa Romeo,2023,Monaco,37.0,79.099,HARD,36.0,2.0,1,False,25.06590909090909,39.25568181818182,45.86363636363637,1.005681818181818,0.1477272727272727
ZHO,Alfa Romeo,2023,Monaco,25.0,77.771,HARD,24.0,2.0,1,False,25.06590909090909,39.25568181818182,45.86363636363637,1.005681818181818,0.1477272727272727
ZHO,Alfa Romeo,2023,Monaco,61.0,101.501,INTERMEDIATE,9.0,3.0,1,False,25.06590909090909,39.25568181818182,45.86363636363637,1.005681818181818,0.1477272727272727
ZHO,Alfa Romeo,2023,Monaco,69.0,93.879,INTERMEDIATE,17.0,3.0,1,False,25.06590909090909,39.25568181818182,45.86363636363637,1.005681818181818,0.1477272727272727
ZHO,Alfa Romeo,2023,Monaco,53.0,96.935,INTERMEDIATE,1.0,3.0,1,False,25.06590909090909,39.25568181818182,45.86363636363637,1.005681818181818,0.1477272727272727
ZHO,Alfa Romeo,2023,Monaco,76.0,85.717,INTERMEDIATE,24.0,3.0,1,False,25.06590909090909,39.25568181818182,45.86363636363637,1.005681818181818,0.1477272727272727
ZHO,Alfa Romeo,2023,Monaco,64.0,102.573,INTERMEDIATE,12.0,3.0,1,False,25.06590909090909,39.25568181818182,45.86363636363637,1.005681818181818,0.1477272727272727
ZHO,Alfa Romeo,2023,Monaco,62.0,100.987,INTERMEDIATE,10.0,3.0,1,False,25.06590909090909,39.25568181818182,45.86363636363637,1.005681818181818,0.1477272727272727
ZHO,Alfa Romeo,2023,Monaco,66.0,94.287,INTERMEDIATE,14.0,3.0,1,False,25.06590909090909,39.25568181818182,45.86363636363637,1.005681818181818,0.1477272727272727
ZHO,Alfa Romeo,2023,Monaco,54.0,100.446,INTERMEDIATE,2.0,3.0,12,False,25.06590909090909,39.25568181818182,45.86363636363637,1.005681818181818,0.1477272727272727
ZHO,Alfa Romeo,2023,Monaco,75.0,86.612,INTERMEDIATE,23.0,3.0,1,False,25.06590909090909,39.25568181818182,45.86363636363637,1.005681818181818,0.1477272727272727
ZHO,Alfa Romeo,2023,Monaco,58.0,105.564,INTERMEDIATE,6.0,3.0,12,False,25.06590909090909,39.25568181818182,45.86363636363637,1.005681818181818,0.1477272727272727
ZHO,Alfa Romeo,2023,Monaco,55.0,106.545,INTERMEDIATE,3.0,3.0,21,False,25.06590909090909,39.25568181818182,45.86363636363637,1.005681818181818,0.1477272727272727
ZHO,Alfa Romeo,2023,Monaco,65.0,99.444,INTERMEDIATE,13.0,3.0,1,False,25.06590909090909,39.25568181818182,45.86363636363637,1.005681818181818,0.1477272727272727
ZHO,Alfa Romeo,2023,Monaco,68.0,94.679,INTERMEDIATE,16.0,3.0,21,False,25.06590909090909,39.25568181818182,45.86363636363637,1.005681818181818,0.1477272727272727
ZHO,Alfa Romeo,2023,Monaco,56.0,101.908,INTERMEDIATE,4.0,3.0,1,False,25.06590909090909,39.25568181818182,45.86363636363637,1.005681818181818,0.1477272727272727
ZHO,Alfa Romeo,2023,Monaco,57.0,104.702,INTERMEDIATE,5.0,3.0,12,False,25.06590909090909,39.25568181818182,45.86363636363637,1.005681818181818,0.1477272727272727
ZHO,Alfa Romeo,2023,Monaco,73.0,90.119,INTERMEDIATE,21.0,3.0,1,False,25.06590909090909,39.25568181818182,45.86363636363637,1.005681818181818,0.1477272727272727
ZHO,Alfa Romeo,2023,Monaco,70.0,90.405,INTERMEDIATE,18.0,3.0,1,False,25.06590909090909,39.25568181818182,45.86363636363637,1.005681818181818,0.1477272727272727
ZHO,Alfa Romeo,2023,Monaco,74.0,88.049,INTERMEDIATE,22.0,3.0,1,False,25.06590909090909,39.25568181818182,45.86363636363637,1.005681818181818,0.1477272727272727
ZHO,Alfa Romeo,2023,Monaco,71.0,89.336,INTERMEDIATE,19.0,3.0,1,False,25.06590909090909,39.25568181818182,45.86363636363637,1.005681818181818,0.1477272727272727
ZHO,Alfa Romeo,2023,Monaco,77.0,86.615,INTERMEDIATE,25.0,3.0,1,False,25.06590909090909,39.25568181818182,45.86363636363637,1.005681818181818,0.1477272727272727
ZHO,Alfa Romeo,2023,Monaco,60.0,101.62,INTERMEDIATE,8.0,3.0,12,False,25.06590909090909,39.25568181818182,45.86363636363637,1.005681818181818,0.1477272727272727
ZHO,Alfa Romeo,2023,Monaco,63.0,100.738,INTERMEDIATE,11.0,3.0,1,False,25.06590909090909,39.25568181818182,45.86363636363637,1.005681818181818,0.1477272727272727
ZHO,Alfa Romeo,2023,Monaco,67.0,93.464,INTERMEDIATE,15.0,3.0,12,False,25.06590909090909,39.25568181818182,45.86363636363637,1.005681818181818,0.1477272727272727
ZHO,Alfa Romeo,2023,Monaco,72.0,87.964,INTERMEDIATE,20.0,3.0,1,False,25.06590909090909,39.25568181818182,45.86363636363637,1.005681818181818,0.1477272727272727
ZHO,Alfa Romeo,2023,Monaco,59.0,103.592,INTERMEDIATE,7.0,3.0,21,False,25.06590909090909,39.25568181818182,45.86363636363637,1.005681818181818,0.1477272727272727
ZHO,Alfa Romeo,2023,Monaco,1.0,118.785,SOFT,1.0,1.0,12,False,25.06590909090909,39.25568181818182,45.86363636363637,1.005681818181818,0.1477272727272727
